person_id,seat_id,party_id,parliamentary_status,date_start,date_end,start_reason,end_reason,source,confidence
17941,maskinonge,CAQ,group,2018-10-01,2022-08-28,election,dissolution,members_historic_qc,verified
17941,maskinonge,CAQ,group,2022-10-03,2026-10-05,election,dissolution,members_historic_qc,verified
16499,sainthenrisainteanne,PLQ,group,2018-10-01,2022-08-28,election,dissolution,members_historic_qc,verified
421,montroyal,PLQ,group,2007-03-26,2008-11-05,election,dissolution,members_historic_qc,verified
421,montroyal,PLQ,group,2008-12-08,2012-08-01,election,dissolution,members_historic_qc,verified
421,montroyal,PLQ,group,2012-09-04,2014-03-05,election,dissolution,members_historic_qc,verified
421,montroyal,PLQ,group,2014-04-07,2018-08-23,election,dissolution,members_historic_qc,verified
421,montroyaloutremont,PLQ,group,2018-10-01,2022-08-28,election,dissolution,members_historic_qc,verified
17947,ilesdelamadeleine,PQ,group,2018-10-01,2022-08-28,election,dissolution,members_historic_qc,verified
17947,ilesdelamadeleine,PQ,group,2022-10-03,2026-10-05,election,dissolution,members_historic_qc,verified
1767,ilesdelamadeleine,PQ,group,1998-11-30,2003-03-12,election,dissolution,members_historic_qc,verified
1767,ilesdelamadeleine,PQ,group,2003-04-14,2007-02-21,election,dissolution,members_historic_qc,verified
1767,ilesdelamadeleine,PQ,group,2007-03-26,2008-11-05,election,dissolution,members_historic_qc,verified
17905,vanierlesrivieres,CAQ,group,2018-10-01,2022-08-28,election,dissolution,members_historic_qc,verified
17905,vanierlesrivieres,CAQ,group,2022-10-03,2026-10-05,election,dissolution,members_historic_qc,verified
471,vimont,PLQ,group,2003-04-14,2007-02-21,election,dissolution,members_historic_qc,verified
471,vimont,PLQ,group,2007-03-26,2008-11-05,election,dissolution,members_historic_qc,verified
471,vimont,PLQ,group,2008-12-08,2012-08-01,election,dissolution,members_historic_qc,verified
5797,laporte,PLQ,group,2003-04-14,2007-02-21,election,dissolution,members_historic_qc,verified
900016,champlain,ADQ,group,2007-03-26,2008-11-05,election,dissolution,members_historic_qc,verified
900016,champlain,PLQ,group,2014-04-07,2018-08-23,election,dissolution,members_historic_qc,verified
509,nicoletyamaska,PQ,group,2008-12-08,2011-06-06,election,defection,members_historic_qc,verified
17859,richmond,CAQ,group,2018-10-01,2022-08-28,election,dissolution,members_historic_qc,verified
17859,richmond,CAQ,group,2022-10-03,2026-10-05,election,dissolution,members_historic_qc,verified
531,arthabaska,PLQ,group,2003-04-14,2007-02-21,election,dissolution,members_historic_qc,verified
531,arthabaska,PLQ,group,2008-12-08,2012-08-01,election,dissolution,members_historic_qc,verified
565,outremont,PLQ,group,2007-03-26,2008-11-05,election,dissolution,members_historic_qc,verified
565,outremont,PLQ,group,2008-12-08,2012-08-01,election,dissolution,members_historic_qc,verified
565,outremont,PLQ,group,2012-09-04,2013-09-13,election,resignation,members_historic_qc+assnat_depcir,verified
1833,vanier,PQ,group,1994-09-12,1998-11-25,election,dissolution,members_historic_qc,verified
1833,vanier,PQ,group,1998-11-30,2003-03-12,election,dissolution,members_historic_qc,verified
1841,arthabaska,PQ,group,1994-09-12,1998-11-25,election,dissolution,members_historic_qc,verified
1841,arthabaska,PQ,group,1998-11-30,2003-03-12,election,dissolution,members_historic_qc,verified
900008,berthier,PQ,group,1994-09-12,1998-11-25,election,dissolution,members_historic_qc,verified
900008,berthier,PQ,group,1998-11-30,2002-05-14,election,resignation,members_historic_qc+assnat_depcir,verified
15397,lapiniere,PLQ,group,2014-04-07,2018-08-23,election,dissolution,members_historic_qc,verified
15397,lapiniere,PLQ,group,2018-10-01,2022-08-28,election,dissolution,members_historic_qc,verified
663,sauve,PLQ,group,1998-11-30,2003-03-12,election,dissolution,members_historic_qc,verified
663,bourassasauve,PLQ,group,2003-04-14,2007-02-21,election,dissolution,members_historic_qc,verified
663,bourassasauve,PLQ,group,2007-03-26,2008-11-05,election,dissolution,members_historic_qc,verified
663,bourassasauve,PLQ,group,2008-12-08,2012-05-14,election,resignation,members_historic_qc+assnat_depcir,verified
900018,argenteuil,PLQ,group,1994-09-12,1997-12-18,election,resignation,members_historic_qc+assnat_depcir,verified
727,mirabel,PQ,group,2003-04-14,2007-02-21,election,dissolution,members_historic_qc,verified
727,mirabel,PQ,group,2008-12-08,2012-08-01,election,dissolution,members_historic_qc,verified
727,mirabel,PQ,group,2012-09-04,2014-03-05,election,dissolution,members_historic_qc,verified
293,chambly,PQ,group,1994-09-12,1998-11-25,election,dissolution,members_historic_qc,verified
293,chambly,PQ,group,1998-11-30,2003-03-12,election,dissolution,members_historic_qc,verified
293,rosemont,PQ,group,2008-12-08,2011-06-05,election,defection,members_historic_qc,verified
1909,margueritedyouville,PQ,group,1994-09-12,1998-11-25,election,dissolution,members_historic_qc,verified
1909,margueritedyouville,PQ,group,1998-11-30,2003-03-12,election,dissolution,members_historic_qc,verified
1911,champlain,PQ,group,1994-09-12,1998-11-25,election,dissolution,members_historic_qc,verified
1911,champlain,PQ,group,1998-11-30,2003-03-12,election,dissolution,members_historic_qc,verified
5853,joliette,ADQ,group,2007-03-26,2008-11-05,election,dissolution,members_historic_qc,verified
887,kamouraskatemiscouata,PLQ,group,1998-11-30,2003-03-12,election,dissolution,members_historic_qc,verified
887,kamouraskatemiscouata,PLQ,group,2003-04-14,2007-02-21,election,dissolution,members_historic_qc,verified
887,kamouraskatemiscouata,PLQ,group,2007-03-26,2008-11-05,election,dissolution,members_historic_qc,verified
887,kamouraskatemiscouata,PLQ,group,2008-12-08,2010-09-03,election,resignation,members_historic_qc+assnat_depcir,verified
1457,chicoutimi,PQ,group,1998-11-30,2003-03-12,election,dissolution,members_historic_qc,verified
1457,chicoutimi,PQ,group,2003-04-14,2007-02-21,election,dissolution,members_historic_qc,verified
1457,chicoutimi,PQ,group,2007-03-26,2008-11-05,election,dissolution,members_historic_qc,verified
1457,chicoutimi,PQ,group,2008-12-08,2012-08-01,election,dissolution,members_historic_qc,verified
1457,chicoutimi,PQ,group,2012-09-04,2014-03-05,election,dissolution,members_historic_qc,verified
1457,chicoutimi,PQ,group,2014-04-07,2015-10-22,election,resignation,members_historic_qc+assnat_depcir,verified
1951,louishebert,PQ,group,1994-09-12,1998-11-25,election,dissolution,members_historic_qc,verified
1951,louishebert,PQ,group,1998-11-30,2002-10-27,election,defection,members_historic_qc,verified
17925,orford,CAQ,group,2018-10-01,2022-08-28,election,dissolution,members_historic_qc,verified
17925,orford,CAQ,group,2022-10-03,2026-04-21,election,defection,members_historic_qc,verified
1973,meganticcompton,PLQ,group,1994-09-12,1998-11-25,election,dissolution,members_historic_qc,verified
1973,meganticcompton,PLQ,group,1998-11-30,2003-03-12,election,dissolution,members_historic_qc,verified
1977,anjou,PQ,group,1994-09-12,1998-11-25,election,dissolution,members_historic_qc,verified
5799,vanier,PLQ,group,2003-04-14,2004-04-28,election,resignation,members_historic_qc+assnat_depcir,verified
5849,berthier,ADQ,group,2007-03-26,2008-11-05,election,dissolution,members_historic_qc,verified
17909,viau,PLQ,group,2018-10-01,2022-08-28,election,dissolution,members_historic_qc,verified
5851,montmorency,ADQ,group,2007-03-26,2008-11-05,election,dissolution,members_historic_qc,verified
2001,orford,PLQ,group,1994-09-12,1998-11-25,election,dissolution,members_historic_qc,verified
2001,orford,PLQ,group,1998-11-30,2003-03-12,election,dissolution,members_historic_qc,verified
2011,iberville,PQ,group,1998-11-30,2003-03-12,election,dissolution,members_historic_qc,verified
1443,vercheres,PQ,group,2007-03-26,2008-11-05,election,dissolution,members_historic_qc,verified
1443,vercheres,PQ,group,2008-12-08,2012-08-01,election,dissolution,members_historic_qc,verified
1443,vercheres,PQ,group,2012-09-04,2014-03-05,election,dissolution,members_historic_qc,verified
1443,vercheres,PQ,group,2014-04-07,2018-08-23,election,dissolution,members_historic_qc,verified
900012,darcymcgee,PLQ,group,1994-09-12,1998-11-25,election,dissolution,members_historic_qc,verified
900012,darcymcgee,PLQ,group,1998-11-30,2003-03-12,election,dissolution,members_historic_qc,verified
900012,darcymcgee,PLQ,group,2003-04-14,2007-02-21,election,dissolution,members_historic_qc,verified
900012,darcymcgee,PLQ,group,2007-03-26,2008-11-05,election,dissolution,members_historic_qc,verified
900012,darcymcgee,PLQ,group,2008-12-08,2012-08-01,election,dissolution,members_historic_qc,verified
900012,darcymcgee,PLQ,group,2012-09-04,2014-03-05,election,dissolution,members_historic_qc,verified
13,rouynnorandatemiscamingue,PLQ,group,2003-04-14,2007-02-21,election,dissolution,members_historic_qc,verified
13,rouynnorandatemiscamingue,PLQ,group,2008-12-08,2012-08-01,election,dissolution,members_historic_qc,verified
13,rouynnorandatemiscamingue,CAQ,group,2022-10-03,2026-10-05,election,dissolution,members_historic_qc,verified
1141,montmorency,PLQ,group,2003-04-14,2007-02-21,election,dissolution,members_historic_qc,verified
1141,montmorency,PLQ,group,2008-12-08,2012-08-01,election,dissolution,members_historic_qc,verified
1141,montmorency,PLQ,group,2014-04-07,2018-08-23,election,dissolution,members_historic_qc,verified
2061,portneuf,PQ,group,1994-09-12,1996-11-19,election,resignation,members_historic_qc+assnat_depcir,verified
2061,portneuf,PQ,group,1998-11-30,2003-03-12,election,dissolution,members_historic_qc,verified
2063,charlevoix,PQ,group,1994-09-12,1998-11-25,election,dissolution,members_historic_qc,verified
2063,charlevoix,PQ,group,1998-11-30,2003-03-12,election,dissolution,members_historic_qc,verified
2063,charlevoix,PQ,group,2003-04-14,2007-02-21,election,dissolution,members_historic_qc,verified
2063,charlevoix,PQ,group,2007-03-26,2008-11-05,election,dissolution,members_historic_qc,verified
991,matane,PQ,group,2007-03-26,2008-11-05,election,dissolution,members_historic_qc,verified
991,matane,PQ,group,2008-12-08,2012-08-01,election,dissolution,members_historic_qc,verified
991,matanematapedia,PQ,group,2012-09-04,2014-03-05,election,dissolution,members_historic_qc,verified
991,matanematapedia,PQ,group,2014-04-07,2018-08-23,election,dissolution,members_historic_qc,verified
991,matanematapedia,PQ,group,2018-10-01,2022-08-28,election,dissolution,members_historic_qc,verified
991,matanematapedia,PQ,group,2022-10-03,2026-10-05,election,dissolution,members_historic_qc,verified
1025,huntingdon,PLQ,group,2008-12-08,2012-08-01,election,dissolution,members_historic_qc,verified
1025,huntingdon,PLQ,group,2012-09-04,2014-03-05,election,dissolution,members_historic_qc,verified
1025,huntingdon,PLQ,group,2014-04-07,2018-08-23,election,dissolution,members_historic_qc,verified
15371,darcymcgee,PLQ,group,2014-04-07,2018-08-23,election,dissolution,members_historic_qc,verified
15371,darcymcgee,PLQ,group,2018-10-01,2022-08-28,election,dissolution,members_historic_qc,verified
2095,jeannemance,PLQ,group,1994-09-12,1998-11-25,election,dissolution,members_historic_qc,verified
2095,jeannemance,PLQ,group,1998-11-30,2003-03-12,election,dissolution,members_historic_qc,verified
2095,jeannemanceviger,PLQ,group,2003-04-14,2007-02-21,election,dissolution,members_historic_qc,verified
2095,jeannemanceviger,PLQ,group,2007-03-26,2008-09-24,election,resignation,members_historic_qc+assnat_depcir,verified
2113,chicoutimi,PQ,group,1994-09-12,1998-11-25,election,dissolution,members_historic_qc,verified
5801,roberval,PLQ,group,2003-04-14,2007-02-21,election,dissolution,members_historic_qc,verified
15365,charlesbourg,PLQ,group,2014-04-07,2018-08-23,election,dissolution,members_historic_qc,verified
1263,sainthenrisainteanne,PLQ,group,2007-03-26,2008-11-05,election,dissolution,members_historic_qc,verified
1263,sainthenrisainteanne,PLQ,group,2008-12-08,2012-08-01,election,dissolution,members_historic_qc,verified
1263,sainthenrisainteanne,PLQ,group,2012-09-04,2014-03-05,election,dissolution,members_historic_qc,verified
1263,sainthenrisainteanne,PLQ,group,2014-04-07,2015-09-15,election,resignation,members_historic_qc+assnat_depcir,verified
1263,prevost,CAQ,group,2018-10-01,2022-08-28,election,dissolution,members_historic_qc,verified
17825,abitibiouest,CAQ,group,2018-10-01,2022-08-28,election,dissolution,members_historic_qc,verified
17825,abitibiouest,CAQ,group,2022-10-03,2026-10-05,election,dissolution,members_historic_qc,verified
2125,masson,PQ,group,1994-09-12,1998-11-25,election,dissolution,members_historic_qc,verified
2135,cremazie,PQ,group,1998-11-30,2003-03-12,election,dissolution,members_historic_qc,verified
1123,drummond,PQ,group,2008-12-08,2012-08-01,election,dissolution,members_historic_qc,verified
1123,johnson,PQ,group,2012-09-04,2014-03-05,election,dissolution,members_historic_qc,verified
15413,rouynnorandatemiscamingue,PLQ,group,2014-04-07,2018-08-23,election,dissolution,members_historic_qc,verified
2157,gouin,PQ,group,1994-09-12,1998-11-25,election,dissolution,members_historic_qc,verified
2157,gouin,PQ,group,1998-11-30,2003-03-12,election,dissolution,members_historic_qc,verified
2157,gouin,PQ,group,2003-04-14,2004-08-17,election,resignation,members_historic_qc+assnat_depcir,verified
2157,pointeauxtrembles,PQ,group,2007-03-26,2007-11-15,election,resignation,members_historic_qc+assnat_depcir,verified
12207,megantic,PLQ,group,2012-09-04,2014-03-05,election,dissolution,members_historic_qc,verified
12207,megantic,PLQ,group,2014-04-07,2018-08-23,election,dissolution,members_historic_qc,verified
297,jeantalon,PLQ,group,2008-12-08,2012-08-01,election,dissolution,members_historic_qc,verified
297,jeantalon,PLQ,group,2012-09-04,2014-03-05,election,dissolution,members_historic_qc,verified
297,jeantalon,PLQ,group,2014-04-07,2015-02-26,election,resignation,members_historic_qc+assnat_depcir,verified
11,shefford,ADQ,group,2007-03-26,2008-11-05,election,dissolution,members_historic_qc,verified
11,shefford,ADQ,group,2008-12-08,2012-02-13,election,merger,members_historic_qc,verified
11,granby,CAQ,group,2012-09-04,2014-03-05,election,dissolution,members_historic_qc,verified
11,granby,CAQ,group,2014-04-07,2018-08-23,election,dissolution,members_historic_qc,verified
11,granby,CAQ,group,2018-10-01,2022-08-28,election,dissolution,members_historic_qc,verified
11,granby,CAQ,group,2022-10-03,2026-10-05,election,dissolution,members_historic_qc,verified
2179,lacadie,PLQ,group,1994-09-12,1998-11-25,election,dissolution,members_historic_qc,verified
2179,lacadie,PLQ,group,1998-11-30,2003-03-12,election,dissolution,members_historic_qc,verified
2179,lacadie,PLQ,group,2003-04-14,2007-02-21,election,dissolution,members_historic_qc,verified
93,vachon,PQ,group,2003-04-14,2007-02-21,election,dissolution,members_historic_qc,verified
93,vachon,PQ,group,2007-03-26,2008-11-05,election,dissolution,members_historic_qc,verified
93,vachon,PQ,group,2008-12-08,2010-07-04,election,resignation,members_historic_qc,verified
5805,meganticcompton,PLQ,group,2003-04-14,2004-03-15,election,defection,members_historic_qc,verified
2191,jonquiere,PQ,group,1998-11-30,2001-03-08,election,resignation,members_historic_qc+assnat_depcir,verified
2195,johnson,PQ,group,1994-09-12,1998-11-25,election,dissolution,members_historic_qc,verified
2195,johnson,PQ,group,1998-11-30,2003-03-12,election,dissolution,members_historic_qc,verified
2195,johnson,PQ,group,2003-04-14,2007-02-21,election,dissolution,members_historic_qc,verified
149,johnson,PQ,group,2008-12-08,2012-08-01,election,dissolution,members_historic_qc,verified
15433,ungava,PLQ,group,2014-04-07,2018-08-23,election,dissolution,members_historic_qc,verified
155,iberville,PQ,group,2008-12-08,2012-08-01,election,dissolution,members_historic_qc,verified
155,iberville,PQ,group,2012-09-04,2014-03-05,election,dissolution,members_historic_qc,verified
2223,saintemariesaintjacques,PQ,group,1994-09-12,1998-11-25,election,dissolution,members_historic_qc,verified
2223,saintemariesaintjacques,PQ,group,1998-11-30,2003-03-12,election,dissolution,members_historic_qc,verified
2223,saintemariesaintjacques,PQ,group,2003-04-14,2005-09-14,election,resignation,members_historic_qc+assnat_depcir,verified
17899,troisrivieres,CAQ,group,2018-10-01,2022-08-28,election,dissolution,members_historic_qc,verified
17899,troisrivieres,CAQ,group,2022-10-03,2026-10-05,election,dissolution,members_historic_qc,verified
649,laviolette,PLQ,group,2003-04-14,2007-02-21,election,dissolution,members_historic_qc,verified
649,laviolette,PLQ,group,2007-03-26,2008-11-05,election,dissolution,members_historic_qc,verified
649,laviolette,PLQ,group,2008-12-08,2012-08-01,election,dissolution,members_historic_qc,verified
649,laviolette,PLQ,group,2012-09-04,2014-03-05,election,dissolution,members_historic_qc,verified
649,laviolette,PLQ,group,2014-04-07,2018-08-23,election,dissolution,members_historic_qc,verified
2225,frontenac,PQ,group,1998-11-30,2003-03-12,election,dissolution,members_historic_qc,verified
2233,laporte,PLQ,group,1994-09-12,1998-11-25,election,dissolution,members_historic_qc,verified
2233,laporte,PLQ,group,1998-11-30,2003-03-12,election,dissolution,members_historic_qc,verified
5803,berthier,PQ,group,2003-04-14,2007-02-21,election,dissolution,members_historic_qc,verified
2241,pointeauxtrembles,PQ,group,1994-09-12,1998-11-25,election,dissolution,members_historic_qc,verified
15353,abitibiest,PLQ,group,2014-04-07,2018-08-23,election,dissolution,members_historic_qc,verified
18561,jeantalon,CAQ,group,2022-10-03,2023-10-01,election,resignation,members_historic_qc,verified
2271,lacsaintjean,PQ,group,1994-09-12,1998-11-25,election,dissolution,members_historic_qc,verified
2271,lacsaintjean,PQ,group,1998-11-30,2002-01-29,election,resignation,members_historic_qc+assnat_depcir,verified
12225,saintemariesaintjacques,PQ,group,2012-09-04,2014-03-05,election,dissolution,members_historic_qc,verified
2283,rousseau,PQ,group,1994-09-12,1998-11-25,election,dissolution,members_historic_qc,verified
2291,shefford,PLQ,group,1994-09-12,1998-11-25,election,dissolution,members_historic_qc,verified
2291,shefford,PLQ,group,1998-11-30,2003-03-12,election,dissolution,members_historic_qc,verified
2291,shefford,PLQ,group,2003-04-14,2007-02-21,election,dissolution,members_historic_qc,verified
2301,chauveau,PQ,group,1994-09-12,1998-11-25,election,dissolution,members_historic_qc,verified
2301,chauveau,PQ,group,1998-11-30,2003-03-12,election,dissolution,members_historic_qc,verified
12175,lavaldesrapides,PQ,group,2012-09-04,2014-03-05,election,dissolution,members_historic_qc,verified
17921,gatineau,CAQ,group,2018-10-01,2022-08-28,election,dissolution,members_historic_qc,verified
17921,gatineau,CAQ,group,2022-10-03,2026-10-05,election,dissolution,members_historic_qc,verified
485,lapeltrie,ADQ,group,2007-03-26,2008-11-05,election,dissolution,members_historic_qc,verified
485,lapeltrie,ADQ,group,2008-12-08,2009-11-05,election,defection,members_historic_qc,verified
485,lapeltrie,CAQ,group,2012-09-04,2014-03-05,election,dissolution,members_historic_qc,verified
485,lapeltrie,CAQ,group,2014-04-07,2018-08-23,election,dissolution,members_historic_qc,verified
485,lapeltrie,CAQ,group,2018-10-01,2022-08-28,election,dissolution,members_historic_qc,verified
485,lapeltrie,CAQ,group,2022-10-03,2026-10-05,election,dissolution,members_historic_qc,verified
5857,prevost,ADQ,group,2007-03-26,2008-11-05,election,dissolution,members_historic_qc,verified
2361,cremazie,PQ,group,1994-09-12,1998-11-25,election,dissolution,members_historic_qc,verified
12237,sherbrooke,PQ,group,2012-09-04,2014-03-05,election,dissolution,members_historic_qc,verified
17893,taillon,CAQ,group,2018-10-01,2022-08-28,election,dissolution,members_historic_qc,verified
17893,taillon,CAQ,group,2022-10-03,2026-10-05,election,dissolution,members_historic_qc,verified
2411,terrebonne,PQ,group,1994-09-12,1998-11-25,election,dissolution,members_historic_qc,verified
2411,terrebonne,PQ,group,1998-11-30,2003-03-12,election,dissolution,members_historic_qc,verified
2411,terrebonne,PQ,group,2003-04-14,2007-02-21,election,dissolution,members_historic_qc,verified
17849,portneuf,CAQ,group,2018-10-01,2022-08-28,election,dissolution,members_historic_qc,verified
177,chapleau,PLQ,group,2008-12-08,2012-08-01,election,dissolution,members_historic_qc,verified
177,chapleau,PLQ,group,2012-09-04,2014-03-05,election,dissolution,members_historic_qc,verified
177,chapleau,PLQ,group,2014-04-07,2018-08-23,election,dissolution,members_historic_qc,verified
2437,chutesdelachaudiere,PQ,group,1994-09-12,1998-11-25,election,dissolution,members_historic_qc,verified
2437,chutesdelachaudiere,PQ,group,1998-11-30,2003-03-12,election,dissolution,members_historic_qc,verified
353,westmountsaintlouis,PLQ,group,1994-09-12,1998-11-25,election,dissolution,members_historic_qc,verified
353,westmountsaintlouis,PLQ,group,1998-11-30,2003-03-12,election,dissolution,members_historic_qc,verified
353,westmountsaintlouis,PLQ,group,2003-04-14,2007-02-21,election,dissolution,members_historic_qc,verified
353,westmountsaintlouis,PLQ,group,2007-03-26,2008-11-05,election,dissolution,members_historic_qc,verified
353,westmountsaintlouis,PLQ,group,2008-12-08,2012-08-01,election,dissolution,members_historic_qc,verified
353,westmountsaintlouis,PLQ,group,2012-09-04,2014-03-05,election,dissolution,members_historic_qc,verified
353,westmountsaintlouis,PLQ,group,2014-04-07,2018-08-23,election,dissolution,members_historic_qc,verified
229,champlain,PQ,group,2003-04-14,2007-02-21,election,dissolution,members_historic_qc,verified
229,champlain,PQ,group,2008-12-08,2012-08-01,election,dissolution,members_historic_qc,verified
229,champlain,PQ,group,2012-09-04,2014-03-05,election,dissolution,members_historic_qc,verified
12177,rouynnorandatemiscamingue,PQ,group,2012-09-04,2014-03-05,election,dissolution,members_historic_qc,verified
5855,johnson,ADQ,group,2007-03-26,2008-11-05,election,dissolution,members_historic_qc,verified
635,milleiles,PLQ,group,2008-12-08,2012-08-01,election,dissolution,members_historic_qc,verified
635,milleiles,PLQ,group,2012-09-04,2014-03-05,election,dissolution,members_historic_qc,verified
635,milleiles,PLQ,group,2014-04-07,2018-08-23,election,dissolution,members_historic_qc,verified
635,milleiles,PLQ,group,2018-10-01,2022-08-28,election,dissolution,members_historic_qc,verified
2513,borduas,PQ,group,1994-09-12,1998-11-25,election,dissolution,members_historic_qc,verified
2513,borduas,PQ,group,1998-11-30,2003-03-12,election,dissolution,members_historic_qc,verified
2513,borduas,PQ,group,2003-04-14,2006-11-15,election,resignation,members_historic_qc+assnat_depcir,verified
2519,bourassa,PLQ,group,1994-09-12,1997-05-02,election,resignation,members_historic_qc+assnat_depcir,verified
525,sherbrooke,PLQ,group,1998-11-30,2003-03-12,election,dissolution,members_historic_qc,verified
525,sherbrooke,PLQ,group,2003-04-14,2007-02-21,election,dissolution,members_historic_qc,verified
525,sherbrooke,PLQ,group,2007-03-26,2008-11-05,election,dissolution,members_historic_qc,verified
525,sherbrooke,PLQ,group,2008-12-08,2012-08-01,election,dissolution,members_historic_qc,verified
5807,matane,PLQ,group,2003-04-14,2007-02-21,election,dissolution,members_historic_qc,verified
2521,rimouski,PQ,group,1994-09-12,1998-11-25,election,dissolution,members_historic_qc,verified
2521,rimouski,PQ,group,1998-11-30,2003-03-12,election,dissolution,members_historic_qc,verified
2521,rimouski,PQ,group,2003-04-14,2007-02-21,election,dissolution,members_historic_qc,verified
195,deuxmontagnes,PQ,group,2008-12-08,2011-06-20,election,defection,members_historic_qc,verified
195,deuxmontagnes,CAQ,group,2014-04-07,2018-08-23,election,dissolution,members_historic_qc,verified
195,deuxmontagnes,CAQ,group,2018-10-01,2022-08-28,election,dissolution,members_historic_qc,verified
195,deuxmontagnes,CAQ,group,2022-10-03,2026-10-05,election,dissolution,members_historic_qc,verified
1017,soulanges,PLQ,group,2003-04-14,2007-02-21,election,dissolution,members_historic_qc,verified
1017,soulanges,PLQ,group,2007-03-26,2008-11-05,election,dissolution,members_historic_qc,verified
1017,soulanges,PLQ,group,2008-12-08,2012-08-01,election,dissolution,members_historic_qc,verified
1017,soulanges,PLQ,group,2012-09-04,2014-03-05,election,dissolution,members_historic_qc,verified
1017,soulanges,PLQ,group,2014-04-07,2018-08-23,election,dissolution,members_historic_qc,verified
17865,chateauguay,CAQ,group,2018-10-01,2022-08-28,election,dissolution,members_historic_qc,verified
17881,saintjerome,CAQ,group,2018-10-01,2022-08-28,election,dissolution,members_historic_qc,verified
17881,saintjerome,IND,group,2022-10-03,2026-10-05,election,dissolution,members_historic_qc,verified
2541,beauharnoishuntingdon,PLQ,group,1994-09-12,1998-11-25,election,dissolution,members_historic_qc,verified
2541,beauharnoishuntingdon,PLQ,group,1998-11-30,2003-03-12,election,dissolution,members_historic_qc,verified
2541,huntingdon,PLQ,group,2003-04-14,2007-02-21,election,dissolution,members_historic_qc,verified
2553,saintlaurent,PLQ,group,1994-09-12,1998-11-25,election,dissolution,members_historic_qc,verified
1003,ilesdelamadeleine,PLQ,group,2008-12-08,2012-08-01,election,dissolution,members_historic_qc,verified
1003,ilesdelamadeleine,PLQ,group,2014-04-07,2018-08-23,election,dissolution,members_historic_qc,verified
2555,joliette,PQ,group,1994-09-12,1998-11-25,election,dissolution,members_historic_qc,verified
2555,joliette,PQ,group,1998-11-30,2002-01-29,election,resignation,members_historic_qc+assnat_depcir,verified
2563,hull,PLQ,group,1998-11-30,2003-03-12,election,dissolution,members_historic_qc,verified
2563,hull,PLQ,group,2003-04-14,2007-02-21,election,dissolution,members_historic_qc,verified
2563,hull,PLQ,group,2007-03-26,2008-04-09,election,resignation,members_historic_qc,disputed
2577,montroyal,PLQ,group,1994-09-12,1998-11-25,election,dissolution,members_historic_qc,verified
17943,marquette,PLQ,group,2018-10-01,2022-08-28,election,dissolution,members_historic_qc,verified
17943,marquette,PLQ,group,2022-10-03,2026-10-05,election,dissolution,members_historic_qc,verified
12195,dubuc,PQ,group,2012-09-04,2014-03-05,election,dissolution,members_historic_qc,verified
5809,milleiles,PLQ,group,2003-04-14,2007-02-21,election,dissolution,members_historic_qc,verified
5809,milleiles,PLQ,group,2007-03-26,2008-11-05,election,dissolution,members_historic_qc,verified
2595,vimont,PQ,group,1994-09-12,1998-11-25,election,dissolution,members_historic_qc,verified
2595,vimont,PQ,group,1998-11-30,2002-01-30,election,resignation,members_historic_qc+assnat_depcir,verified
1077,lacsaintjean,PQ,group,2007-03-26,2008-11-05,election,dissolution,members_historic_qc,verified
1077,lacsaintjean,PQ,group,2008-12-08,2012-08-01,election,dissolution,members_historic_qc,verified
1077,lacsaintjean,PQ,group,2012-09-04,2014-03-05,election,dissolution,members_historic_qc,verified
1077,lacsaintjean,PQ,group,2014-04-07,2018-08-23,election,dissolution,members_historic_qc,verified
15443,nelligan,PLQ,group,2014-04-07,2018-08-23,election,dissolution,members_historic_qc,verified
2643,notredamedegrace,PLQ,group,1994-09-12,1998-11-25,election,dissolution,members_historic_qc,verified
2643,notredamedegrace,PLQ,group,1998-11-30,2003-03-12,election,dissolution,members_historic_qc,verified
2643,notredamedegrace,PLQ,group,2003-04-14,2007-02-21,election,dissolution,members_historic_qc,verified
2643,notredamedegrace,PLQ,group,2007-03-26,2008-10-22,election,resignation,members_historic_qc+assnat_depcir,verified
1107,abitibiest,PLQ,group,2003-04-14,2007-02-21,election,dissolution,members_historic_qc,verified
1107,abitibiest,PLQ,group,2008-12-08,2012-08-01,election,dissolution,members_historic_qc,verified
2667,dubuc,PQ,group,1998-11-30,2003-03-12,election,dissolution,members_historic_qc,verified
2667,dubuc,PQ,group,2003-04-14,2007-02-21,election,dissolution,members_historic_qc,verified
2667,dubuc,PQ,group,2007-03-26,2008-11-05,election,dissolution,members_historic_qc,verified
2671,lapeltrie,PQ,group,1994-09-12,1998-11-25,election,dissolution,members_historic_qc,verified
2671,lapeltrie,PQ,group,1998-11-30,2003-03-12,election,dissolution,members_historic_qc,verified
5811,montroyal,PLQ,group,2003-04-14,2007-02-21,election,dissolution,members_historic_qc,verified
5811,jeantalon,PLQ,group,2007-03-26,2008-06-25,election,resignation,members_historic_qc+assnat_depcir,verified
5811,roberval,PLQ,group,2014-04-07,2018-08-23,election,dissolution,members_historic_qc,verified
5811,roberval,PLQ,group,2018-10-01,2018-10-09,election,resignation,members_historic_qc+assnat_depcir,verified
859,fabre,PLQ,group,2003-04-14,2007-02-21,election,dissolution,members_historic_qc,verified
859,fabre,PLQ,group,2007-03-26,2008-11-05,election,dissolution,members_historic_qc,verified
859,fabre,PLQ,group,2008-12-08,2012-08-01,election,dissolution,members_historic_qc,verified
925,bertrand,PQ,group,1998-11-30,2003-03-12,election,dissolution,members_historic_qc,verified
925,bertrand,PQ,group,2003-04-14,2007-02-21,election,dissolution,members_historic_qc,verified
925,bertrand,PQ,group,2007-03-26,2008-11-05,election,dissolution,members_historic_qc,verified
925,bertrand,PQ,group,2008-12-08,2012-08-01,election,dissolution,members_historic_qc,verified
925,bertrand,PQ,group,2012-09-04,2014-03-05,election,dissolution,members_historic_qc,verified
925,bertrand,PQ,group,2014-04-07,2018-08-23,election,dissolution,members_historic_qc,verified
1135,borduas,PQ,group,2007-03-26,2008-11-05,election,dissolution,members_historic_qc,verified
1135,borduas,PQ,group,2008-12-08,2011-06-05,election,defection,members_historic_qc,verified
2725,viau,PLQ,group,1994-09-12,1998-11-25,election,dissolution,members_historic_qc,verified
2725,viau,PLQ,group,1998-11-30,2003-03-12,election,dissolution,members_historic_qc,verified
2725,viau,PLQ,group,2003-04-14,2007-02-21,election,dissolution,members_historic_qc,verified
1623,rivieredulouptemiscouata,PLQ,group,2012-09-04,2014-03-05,election,dissolution,members_historic_qc,verified
1623,rivieredulouptemiscouata,PLQ,group,2014-04-07,2018-08-23,election,dissolution,members_historic_qc,verified
15399,mirabel,CAQ,group,2014-04-07,2018-08-23,election,dissolution,members_historic_qc,verified
15399,mirabel,CAQ,group,2018-10-01,2022-08-28,election,dissolution,members_historic_qc,verified
15399,mirabel,CAQ,group,2022-10-03,2026-10-05,election,dissolution,members_historic_qc,verified
5859,maskinonge,ADQ,group,2007-03-26,2008-11-05,election,dissolution,members_historic_qc,verified
12201,groulx,CAQ,group,2012-09-04,2014-03-05,election,dissolution,members_historic_qc,verified
17907,vercheres,CAQ,group,2018-10-01,2022-08-28,election,dissolution,members_historic_qc,verified
15441,verdun,PLQ,group,2014-04-07,2016-08-19,election,resignation,members_historic_qc+assnat_depcir,verified
12205,gouin,QS,group,2012-09-04,2014-03-05,election,dissolution,members_historic_qc,verified
12205,gouin,QS,group,2014-04-07,2017-01-19,election,resignation,members_historic_qc+assnat_depcir,verified
15379,outremont,PLQ,group,2014-04-07,2018-08-23,election,dissolution,members_historic_qc,verified
15379,margueritebourgeoys,PLQ,group,2018-10-01,2022-08-28,election,dissolution,members_historic_qc,verified
12221,cremazie,PQ,group,2012-09-04,2014-03-05,election,dissolution,members_historic_qc,verified
5863,huntingdon,ADQ,group,2007-03-26,2008-11-05,election,dissolution,members_historic_qc,verified
900019,bourassasauve,PLQ,group,2012-09-04,2014-03-05,election,dissolution,members_historic_qc,verified
900019,bourassasauve,PLQ,group,2014-04-07,2018-08-23,election,dissolution,members_historic_qc,verified
900014,jeantalon,PLQ,group,1994-09-12,1998-11-25,election,dissolution,members_historic_qc,verified
900014,jeantalon,PLQ,group,1998-11-30,2003-03-12,election,dissolution,members_historic_qc,verified
900014,jeantalon,PLQ,group,2003-04-14,2007-02-21,election,dissolution,members_historic_qc,verified
17,chauveau,ADQ,group,2008-12-08,2012-02-13,election,merger,members_historic_qc,verified
17,chauveau,CAQ,group,2012-09-04,2014-03-05,election,dissolution,members_historic_qc,verified
17,chauveau,CAQ,group,2014-04-07,2015-04-07,election,resignation,members_historic_qc+assnat_depcir,verified
17923,nelligan,PLQ,group,2018-10-01,2022-08-28,election,dissolution,members_historic_qc,verified
17923,nelligan,PLQ,group,2022-10-03,2026-10-05,election,dissolution,members_historic_qc,verified
5865,saintmaurice,ADQ,group,2007-03-26,2008-11-05,election,dissolution,members_historic_qc,verified
5813,groulx,PLQ,group,2003-04-14,2007-02-21,election,dissolution,members_historic_qc,verified
2863,maskinonge,PQ,group,1994-09-12,1998-11-25,election,dissolution,members_historic_qc,verified
2863,maskinonge,PQ,group,1998-11-30,2003-03-12,election,dissolution,members_historic_qc,verified
2875,salaberrysoulanges,PQ,group,1994-09-12,1998-11-25,election,dissolution,members_historic_qc,verified
2875,salaberrysoulanges,PQ,group,1998-11-30,2003-03-12,election,dissolution,members_historic_qc,verified
2875,beauharnois,PQ,group,2003-04-14,2007-02-21,election,dissolution,members_historic_qc,verified
2875,beauharnois,PQ,group,2007-03-26,2008-11-05,election,dissolution,members_historic_qc,verified
2883,limoilou,PLQ,group,1998-11-30,2003-03-12,election,dissolution,members_historic_qc,verified
2883,jeanlesage,PLQ,group,2003-04-14,2007-02-21,election,dissolution,members_historic_qc,verified
5861,mirabel,ADQ,group,2007-03-26,2008-11-05,election,dissolution,members_historic_qc,verified
189,maskinonge,PLQ,group,2008-12-08,2012-08-01,election,dissolution,members_historic_qc,verified
189,maskinonge,PLQ,group,2012-09-04,2014-03-05,election,dissolution,members_historic_qc,verified
5867,margueritedyouville,ADQ,group,2007-03-26,2008-11-05,election,dissolution,members_historic_qc,verified
2901,sainthyacinthe,PQ,group,1994-09-12,1998-11-25,election,dissolution,members_historic_qc,verified
2901,sainthyacinthe,PQ,group,1998-11-30,2003-03-12,election,dissolution,members_historic_qc,verified
2901,sainthyacinthe,PQ,group,2003-04-14,2007-02-21,election,dissolution,members_historic_qc,verified
2911,kamouraskatemiscouata,PLQ,group,1994-09-12,1997-05-02,election,resignation,members_historic_qc+assnat_depcir,verified
2915,rosemont,PQ,group,1994-09-12,1998-11-25,election,dissolution,members_historic_qc,verified
2915,rosemont,PQ,group,1998-11-30,2003-03-12,election,dissolution,members_historic_qc,verified
2915,rosemont,PQ,group,2003-04-14,2007-02-21,election,dissolution,members_historic_qc,verified
2915,rosemont,PQ,group,2007-03-26,2008-11-05,election,dissolution,members_historic_qc,verified
5871,bellechasse,ADQ,group,2007-03-26,2008-11-05,election,dissolution,members_historic_qc,verified
17895,taschereau,QS,group,2018-10-01,2022-08-28,election,dissolution,members_historic_qc,verified
5869,nicoletyamaska,ADQ,group,2007-03-26,2008-11-05,election,dissolution,members_historic_qc,verified
91,matapedia,PQ,group,1994-09-12,1998-11-25,election,dissolution,members_historic_qc,verified
91,matapedia,PQ,group,1998-11-30,2003-03-12,election,dissolution,members_historic_qc,verified
91,matapedia,PQ,group,2003-04-14,2007-02-21,election,dissolution,members_historic_qc,verified
91,matapedia,PQ,group,2007-03-26,2008-11-05,election,dissolution,members_historic_qc,verified
91,matapedia,PQ,group,2008-12-08,2012-08-01,election,dissolution,members_historic_qc,verified
209,marievictorin,PQ,group,2007-03-26,2008-11-05,election,dissolution,members_historic_qc,verified
209,marievictorin,PQ,group,2008-12-08,2012-08-01,election,dissolution,members_historic_qc,verified
209,marievictorin,PQ,group,2012-09-04,2014-03-05,election,dissolution,members_historic_qc,verified
209,marievictorin,PQ,group,2014-04-07,2016-06-14,election,resignation,members_historic_qc+assnat_depcir,verified
209,levis,CAQ,group,2022-10-03,2026-10-05,election,dissolution,members_historic_qc,verified
299,jeanlesage,PLQ,group,2008-12-08,2012-08-01,election,dissolution,members_historic_qc,verified
299,jeanlesage,PLQ,group,2012-09-04,2014-03-05,election,dissolution,members_historic_qc,verified
299,jeanlesage,PLQ,group,2014-04-07,2018-08-23,election,dissolution,members_historic_qc,verified
12223,levis,CAQ,group,2012-09-04,2014-03-05,election,dissolution,members_historic_qc,verified
12223,levis,CAQ,group,2014-04-07,2014-08-15,election,resignation,members_historic_qc+assnat_depcir,verified
12223,laprairie,CAQ,group,2018-10-01,2022-08-28,election,dissolution,members_historic_qc,verified
12223,laprairie,CAQ,group,2022-10-03,2025-09-17,election,defection,members_historic_qc,verified
363,viau,PLQ,group,2007-03-26,2008-11-05,election,dissolution,members_historic_qc,verified
363,viau,PLQ,group,2008-12-08,2012-08-01,election,dissolution,members_historic_qc,verified
363,viau,PLQ,group,2012-09-04,2013-08-09,election,resignation,members_historic_qc,disputed
5815,laprairie,PLQ,group,2003-04-14,2007-02-21,election,dissolution,members_historic_qc,verified
12239,borduas,PQ,group,2012-09-04,2014-03-05,election,dissolution,members_historic_qc,verified
12193,saintjerome,CAQ,group,2012-09-04,2014-03-05,election,dissolution,members_historic_qc,verified
2991,jonquiere,PQ,group,1994-09-12,1996-01-15,election,resignation,members_historic_qc+assnat_depcir,verified
423,renelevesque,PQ,group,2003-04-14,2007-02-21,election,dissolution,members_historic_qc,verified
423,renelevesque,PQ,group,2007-03-26,2008-11-05,election,dissolution,members_historic_qc,verified
423,renelevesque,PQ,group,2008-12-08,2012-08-01,election,dissolution,members_historic_qc,verified
423,renelevesque,PQ,group,2012-09-04,2014-03-05,election,dissolution,members_historic_qc,verified
423,renelevesque,PQ,group,2014-04-07,2015-09-10,election,resignation,members_historic_qc+assnat_depcir,verified
17823,abitibiest,CAQ,group,2018-10-01,2022-08-28,election,dissolution,members_historic_qc,verified
17823,abitibiest,CAQ,group,2022-10-03,2025-09-04,election,defection,members_historic_qc,verified
3015,duplessis,PQ,group,1998-11-30,2003-03-12,election,dissolution,members_historic_qc,verified
3041,riviereduloup,ADQ,group,1994-09-12,1998-11-25,election,dissolution,members_historic_qc,verified
3041,riviereduloup,ADQ,group,1998-11-30,2003-03-12,election,dissolution,members_historic_qc,verified
3041,riviereduloup,ADQ,group,2003-04-14,2007-02-21,election,dissolution,members_historic_qc,verified
3041,riviereduloup,ADQ,group,2007-03-26,2008-11-05,election,dissolution,members_historic_qc,verified
3041,riviereduloup,ADQ,group,2008-12-08,2009-03-06,election,resignation,members_historic_qc+assnat_depcir,verified
900010,saintlaurent,PLQ,group,1998-11-30,2003-03-12,election,dissolution,members_historic_qc,verified
900010,saintlaurent,PLQ,group,2003-04-14,2007-02-21,election,dissolution,members_historic_qc,verified
900010,saintlaurent,PLQ,group,2007-03-26,2008-11-05,election,dissolution,members_historic_qc,verified
900010,saintlaurent,PLQ,group,2008-12-08,2012-08-01,election,dissolution,members_historic_qc,verified
641,beaucesud,PLQ,group,2008-12-08,2012-08-01,election,dissolution,members_historic_qc,verified
641,beaucesud,PLQ,group,2012-09-04,2014-03-05,election,dissolution,members_historic_qc,verified
641,beaucesud,PLQ,group,2014-04-07,2015-09-26,election,resignation,members_historic_qc,disputed
17857,richelieu,CAQ,group,2018-10-01,2022-08-28,election,dissolution,members_historic_qc,verified
17857,richelieu,CAQ,group,2022-10-03,2026-10-05,election,dissolution,members_historic_qc,verified
3119,fabre,PQ,group,1994-09-12,1998-11-25,election,dissolution,members_historic_qc,verified
3119,fabre,PQ,group,1998-11-30,2003-03-12,election,dissolution,members_historic_qc,verified
3129,ilesdelamadeleine,PLQ,group,1994-09-12,1998-11-25,election,dissolution,members_historic_qc,verified
685,ungava,PQ,group,2007-03-26,2008-11-05,election,dissolution,members_historic_qc,verified
685,ungava,PQ,group,2008-12-08,2012-08-01,election,dissolution,members_historic_qc,verified
685,ungava,PQ,group,2012-09-04,2014-03-05,election,dissolution,members_historic_qc,verified
3147,montmorency,PQ,group,1994-09-12,1998-11-25,election,dissolution,members_historic_qc,verified
17897,terrebonne,CAQ,group,2018-10-01,2022-08-28,election,dissolution,members_historic_qc,verified
17953,laurierdorion,QS,group,2018-10-01,2022-08-28,election,dissolution,members_historic_qc,verified
17953,laurierdorion,QS,group,2022-10-03,2026-10-05,election,dissolution,members_historic_qc,verified
15383,pontiac,PLQ,group,2014-04-07,2018-08-23,election,dissolution,members_historic_qc,verified
15383,pontiac,PLQ,group,2018-10-01,2022-08-28,election,dissolution,members_historic_qc,verified
15383,pontiac,PLQ,group,2022-10-03,2026-10-05,election,dissolution,members_historic_qc,verified
15427,sherbrooke,PLQ,group,2014-04-07,2018-08-23,election,dissolution,members_historic_qc,verified
17861,charlevoixcotedebeaupre,CAQ,group,2018-10-01,2022-08-28,election,dissolution,members_historic_qc,verified
16775,marievictorin,PQ,group,2018-10-01,2019-03-10,election,defection,members_historic_qc,verified
3233,chateauguay,PLQ,group,1994-09-12,1998-11-25,election,dissolution,members_historic_qc,verified
3233,chateauguay,PLQ,group,1998-11-30,2003-03-12,election,dissolution,members_historic_qc,verified
3233,chateauguay,PLQ,group,2003-04-14,2007-02-21,election,dissolution,members_historic_qc,verified
3233,chateauguay,PLQ,group,2007-03-26,2008-11-05,election,dissolution,members_historic_qc,verified
3233,saintlaurent,PLQ,group,2012-09-04,2014-03-05,election,dissolution,members_historic_qc,verified
3233,saintlaurent,PLQ,group,2014-04-07,2018-08-23,election,dissolution,members_historic_qc,verified
5873,portneuf,ADQ,group,2007-03-26,2008-11-05,election,dissolution,members_historic_qc,verified
3285,margueritebourgeoys,PLQ,group,1994-09-12,1998-08-01,election,resignation,members_historic_qc+assnat_depcir,verified
5817,troisrivieres,PLQ,group,2003-04-14,2007-02-21,election,dissolution,members_historic_qc,verified
900006,masson,PQ,group,2012-09-04,2014-03-05,election,dissolution,members_historic_qc,verified
3317,saguenay,PQ,group,1994-09-12,1998-11-25,election,dissolution,members_historic_qc,verified
3317,saguenay,PQ,group,1998-11-30,2001-09-16,election,resignation,members_historic_qc+assnat_depcir,verified
725,saintfrancois,PLQ,group,1994-09-12,1998-11-25,election,dissolution,members_historic_qc,verified
725,saintfrancois,PLQ,group,1998-11-30,2003-03-12,election,dissolution,members_historic_qc,verified
725,saintfrancois,PLQ,group,2003-04-14,2007-02-21,election,dissolution,members_historic_qc,verified
725,saintfrancois,PLQ,group,2007-03-26,2008-11-05,election,dissolution,members_historic_qc,verified
725,saintfrancois,PLQ,group,2008-12-08,2012-08-01,election,dissolution,members_historic_qc,verified
3349,levis,PQ,group,1994-09-12,1998-11-25,election,dissolution,members_historic_qc,verified
5819,maskinonge,PLQ,group,2003-04-14,2007-02-21,election,dissolution,members_historic_qc,verified
959,hull,PLQ,group,2008-12-08,2012-08-01,election,dissolution,members_historic_qc,verified
959,hull,PLQ,group,2012-09-04,2014-03-05,election,dissolution,members_historic_qc,verified
959,hull,PLQ,group,2014-04-07,2018-08-23,election,dissolution,members_historic_qc,verified
959,hull,PLQ,group,2018-10-01,2022-08-28,election,dissolution,members_historic_qc,verified
1001,jonquiere,PQ,group,2007-03-26,2008-11-05,election,dissolution,members_historic_qc,verified
1001,jonquiere,PQ,group,2008-12-08,2012-08-01,election,dissolution,members_historic_qc,verified
1001,jonquiere,PQ,group,2012-09-04,2014-03-05,election,dissolution,members_historic_qc,verified
1001,jonquiere,PQ,group,2014-04-07,2018-08-23,election,dissolution,members_historic_qc,verified
1001,jonquiere,PQ,group,2018-10-01,2022-08-28,election,dissolution,members_historic_qc,verified
3363,taschereau,PQ,group,1994-09-12,1998-11-25,election,dissolution,members_historic_qc,verified
5781,jonquiere,PLQ,group,2003-04-14,2007-02-21,election,dissolution,members_historic_qc,verified
1051,verdun,PLQ,group,1994-09-12,1998-11-25,election,dissolution,members_historic_qc,verified
1051,verdun,PLQ,group,1998-11-30,2003-03-12,election,dissolution,members_historic_qc,verified
1051,verdun,PLQ,group,2003-04-14,2007-02-21,election,dissolution,members_historic_qc,verified
1051,verdun,PLQ,group,2007-03-26,2008-11-05,election,dissolution,members_historic_qc,verified
1051,verdun,PLQ,group,2008-12-08,2012-08-01,election,dissolution,members_historic_qc,verified
1051,verdun,PLQ,group,2012-09-04,2014-03-05,election,dissolution,members_historic_qc,verified
3385,montmagnylislet,PLQ,group,1994-09-12,1998-11-25,election,dissolution,members_historic_qc,verified
3385,montmagnylislet,PLQ,group,1998-11-30,2003-03-12,election,dissolution,members_historic_qc,verified
1227,groulx,PQ,group,2008-12-08,2011-06-20,election,defection,members_historic_qc,verified
1423,abitibiouest,PQ,group,1994-09-12,1998-11-25,election,dissolution,members_historic_qc,verified
1423,abitibiouest,PQ,group,1998-11-30,2003-03-12,election,dissolution,members_historic_qc,verified
1423,abitibiouest,PQ,group,2003-04-14,2007-02-21,election,dissolution,members_historic_qc,verified
1423,abitibiouest,PQ,group,2007-03-26,2008-11-05,election,dissolution,members_historic_qc,verified
1423,abitibiouest,PQ,group,2008-12-08,2012-08-01,election,dissolution,members_historic_qc,verified
1423,abitibiouest,PQ,group,2012-09-04,2014-03-05,election,dissolution,members_historic_qc,verified
1423,abitibiouest,PQ,group,2014-04-07,2018-08-23,election,dissolution,members_historic_qc,verified
3405,laprairie,PQ,group,1998-11-30,2003-03-12,election,dissolution,members_historic_qc,verified
17933,mercier,QS,group,2018-10-01,2022-08-28,election,dissolution,members_historic_qc,verified
17933,mercier,QS,group,2022-10-03,2026-10-05,election,dissolution,members_historic_qc,verified
15423,saintmaurice,PLQ,group,2014-04-07,2018-08-23,election,dissolution,members_historic_qc,verified
5875,blainville,ADQ,group,2007-03-26,2008-11-05,election,dissolution,members_historic_qc,verified
17929,groulx,CAQ,group,2018-10-01,2022-08-28,election,dissolution,members_historic_qc,verified
17929,groulx,CAQ,group,2022-10-03,2026-10-05,election,dissolution,members_historic_qc,verified
17957,lacsaintjean,CAQ,group,2018-10-01,2022-08-28,election,dissolution,members_historic_qc,verified
17957,lacsaintjean,CAQ,group,2022-10-03,2026-10-05,election,dissolution,members_historic_qc,verified
15431,troisrivieres,PLQ,group,2014-04-07,2018-08-23,election,dissolution,members_historic_qc,verified
1253,gouin,PQ,group,2007-03-26,2008-11-05,election,dissolution,members_historic_qc,verified
1253,gouin,PQ,group,2008-12-08,2012-08-01,election,dissolution,members_historic_qc,verified
17839,bertrand,CAQ,group,2018-10-01,2022-08-28,election,dissolution,members_historic_qc,verified
3447,lafontaine,PLQ,group,1994-09-12,1998-11-25,election,dissolution,members_historic_qc,verified
3447,lafontaine,PLQ,group,1998-11-30,2003-02-19,election,defection,members_historic_qc,verified
1365,meganticcompton,PLQ,group,2007-03-26,2008-11-05,election,dissolution,members_historic_qc,verified
1365,meganticcompton,PLQ,group,2008-12-08,2012-08-01,election,dissolution,members_historic_qc,verified
5877,jeanlesage,ADQ,group,2007-03-26,2008-11-05,election,dissolution,members_historic_qc,verified
3501,levis,PQ,group,1998-11-30,2003-03-12,election,dissolution,members_historic_qc,verified
12241,deuxmontagnes,PQ,group,2012-09-04,2014-03-05,election,dissolution,members_historic_qc,verified
5879,masson,ADQ,group,2007-03-26,2008-11-05,election,dissolution,members_historic_qc,verified
17827,argenteuil,CAQ,group,2018-10-01,2022-08-28,election,dissolution,members_historic_qc,verified
17827,argenteuil,CAQ,group,2022-10-03,2026-10-05,election,dissolution,members_historic_qc,verified
1337,beaucenord,ADQ,group,2003-04-14,2007-02-21,election,dissolution,members_historic_qc,verified
1337,beaucenord,ADQ,group,2007-03-26,2008-11-05,election,dissolution,members_historic_qc,verified
1337,beaucenord,ADQ,group,2008-12-08,2012-02-13,election,merger,members_historic_qc,verified
16885,louishebert,CAQ,group,2018-10-01,2022-08-28,election,dissolution,members_historic_qc,verified
16885,louishebert,CAQ,group,2022-10-03,2026-10-05,election,dissolution,members_historic_qc,verified
18247,roberval,CAQ,group,2022-10-03,2026-10-05,election,dissolution,members_historic_qc,verified
15425,sainterose,PLQ,group,2014-04-07,2018-08-23,election,dissolution,members_historic_qc,verified
1273,louishebert,PLQ,group,2003-04-14,2007-02-21,election,dissolution,members_historic_qc,verified
1273,louishebert,PLQ,group,2007-03-26,2008-11-05,election,dissolution,members_historic_qc,verified
1273,louishebert,PLQ,group,2008-12-08,2012-08-01,election,dissolution,members_historic_qc,verified
1273,louishebert,PLQ,group,2012-09-04,2014-03-05,election,dissolution,members_historic_qc,verified
1273,louishebert,PLQ,group,2014-04-07,2017-04-27,election,resignation,members_historic_qc+assnat_depcir,verified
5821,lapeltrie,PLQ,group,2003-04-14,2007-02-21,election,dissolution,members_historic_qc,verified
15415,saintfrancois,PLQ,group,2014-04-07,2018-08-23,election,dissolution,members_historic_qc,verified
3597,hochelagamaisonneuve,PQ,group,1994-09-12,1998-11-25,election,dissolution,members_historic_qc,verified
3597,hochelagamaisonneuve,PQ,group,1998-11-30,2003-03-12,election,dissolution,members_historic_qc,verified
3597,hochelagamaisonneuve,PQ,group,2003-04-14,2007-02-21,election,dissolution,members_historic_qc,verified
3597,hochelagamaisonneuve,PQ,group,2007-03-26,2008-11-05,election,dissolution,members_historic_qc,verified
17877,saintfrancois,CAQ,group,2018-10-01,2022-08-28,election,dissolution,members_historic_qc,verified
17877,saintfrancois,CAQ,group,2022-10-03,2026-10-05,election,dissolution,members_historic_qc,verified
12267,saintfrancois,PQ,group,2012-09-04,2014-03-05,election,dissolution,members_historic_qc,verified
14883,viau,PLQ,group,2014-04-07,2018-08-23,election,dissolution,members_historic_qc,verified
27,joliette,PQ,group,2008-12-08,2012-08-01,election,dissolution,members_historic_qc,verified
27,joliette,PQ,group,2012-09-04,2014-03-05,election,dissolution,members_historic_qc,verified
27,joliette,PQ,group,2014-04-07,2018-08-23,election,dissolution,members_historic_qc,verified
27,joliette,PQ,group,2018-10-01,2022-08-28,election,dissolution,members_historic_qc,verified
61,lapiniere,PLQ,group,1994-09-12,1998-11-25,election,dissolution,members_historic_qc,verified
61,lapiniere,PLQ,group,1998-11-30,2003-03-12,election,dissolution,members_historic_qc,verified
61,lapiniere,PLQ,group,2003-04-14,2007-02-21,election,dissolution,members_historic_qc,verified
61,lapiniere,PLQ,group,2007-03-26,2008-11-05,election,dissolution,members_historic_qc,verified
61,lapiniere,PLQ,group,2008-12-08,2012-08-01,election,dissolution,members_historic_qc,verified
61,lapiniere,PLQ,group,2012-09-04,2014-01-19,election,defection,members_historic_qc,verified
43,vanier,PLQ,group,2008-12-08,2012-08-01,election,dissolution,members_historic_qc,verified
43,vanierlesrivieres,PLQ,group,2014-04-07,2018-08-23,election,dissolution,members_historic_qc,verified
12227,papineau,PLQ,group,2012-09-04,2014-03-05,election,dissolution,members_historic_qc,verified
12227,papineau,PLQ,group,2014-04-07,2018-08-23,election,dissolution,members_historic_qc,verified
17939,huntingdon,CAQ,group,2018-10-01,2022-08-28,election,dissolution,members_historic_qc,verified
17937,megantic,CAQ,group,2018-10-01,2022-08-28,election,dissolution,members_historic_qc,verified
17937,megantic,CAQ,group,2022-10-03,2026-10-05,election,dissolution,members_historic_qc,verified
49,nelligan,PLQ,group,2007-03-26,2008-11-05,election,dissolution,members_historic_qc,verified
49,nelligan,PLQ,group,2008-12-08,2012-08-01,election,dissolution,members_historic_qc,verified
49,nelligan,PLQ,group,2012-09-04,2014-03-05,election,dissolution,members_historic_qc,verified
17959,labelle,CAQ,group,2018-10-01,2022-08-28,election,dissolution,members_historic_qc,verified
17959,labelle,CAQ,group,2022-10-03,2026-10-05,election,dissolution,members_historic_qc,verified
3707,margueritebourgeoys,PLQ,group,1998-11-30,2003-03-12,election,dissolution,members_historic_qc,verified
3707,margueritebourgeoys,PLQ,group,2003-04-14,2007-02-21,election,dissolution,members_historic_qc,verified
3707,margueritebourgeoys,PLQ,group,2007-03-26,2008-11-05,election,dissolution,members_historic_qc,verified
3707,margueritebourgeoys,PLQ,group,2008-12-08,2009-04-08,election,resignation,members_historic_qc+assnat_depcir,verified
900005,vaudreuil,PLQ,group,1994-09-12,1998-05-12,election,resignation,members_historic_qc+assnat_depcir,verified
15359,borduas,CAQ,group,2014-04-07,2018-08-23,election,dissolution,members_historic_qc,verified
15359,borduas,CAQ,group,2018-10-01,2022-08-28,election,dissolution,members_historic_qc,verified
15359,borduas,CAQ,group,2022-10-03,2026-10-05,election,dissolution,members_historic_qc,verified
3733,laviolette,PQ,group,1994-09-12,1998-11-25,election,dissolution,members_historic_qc,verified
3733,laviolette,PQ,group,1998-11-30,2001-03-07,election,resignation,members_historic_qc+assnat_depcir,verified
3765,troisrivieres,PQ,group,1994-09-12,1998-11-25,election,dissolution,members_historic_qc,verified
3765,troisrivieres,PQ,group,1998-11-30,2003-03-12,election,dissolution,members_historic_qc,verified
17855,charlesbourg,CAQ,group,2018-10-01,2022-08-28,election,dissolution,members_historic_qc,verified
17855,charlesbourg,CAQ,group,2022-10-03,2026-10-05,election,dissolution,members_historic_qc,verified
3769,drummond,PQ,group,1994-09-12,1998-11-25,election,dissolution,members_historic_qc,verified
3769,drummond,PQ,group,1998-11-30,2003-03-12,election,dissolution,members_historic_qc,verified
3769,drummond,PQ,group,2003-04-14,2007-02-21,election,dissolution,members_historic_qc,verified
55,jacquescartier,PLQ,group,1994-09-12,1998-11-25,election,dissolution,members_historic_qc,verified
55,jacquescartier,PLQ,group,1998-11-30,2003-03-12,election,dissolution,members_historic_qc,verified
55,jacquescartier,PLQ,group,2003-04-14,2007-02-21,election,dissolution,members_historic_qc,verified
55,jacquescartier,PLQ,group,2007-03-26,2008-11-05,election,dissolution,members_historic_qc,verified
55,jacquescartier,PLQ,group,2008-12-08,2012-08-01,election,dissolution,members_historic_qc,verified
55,jacquescartier,PLQ,group,2012-09-04,2014-03-05,election,dissolution,members_historic_qc,verified
55,jacquescartier,PLQ,group,2014-04-07,2018-08-23,election,dissolution,members_historic_qc,verified
17951,jacquescartier,PLQ,group,2018-10-01,2022-08-28,election,dissolution,members_historic_qc,verified
17951,jacquescartier,PLQ,group,2022-10-03,2026-10-05,election,dissolution,members_historic_qc,verified
25,mercier,QS,group,2008-12-08,2012-08-01,election,dissolution,members_historic_qc,verified
25,mercier,QS,group,2012-09-04,2014-03-05,election,dissolution,members_historic_qc,verified
25,mercier,QS,group,2014-04-07,2018-08-23,election,dissolution,members_historic_qc,verified
3787,groulx,PQ,group,1994-09-12,1998-11-25,election,dissolution,members_historic_qc,verified
3787,groulx,PQ,group,1998-11-30,2003-03-12,election,dissolution,members_historic_qc,verified
41,bourget,PQ,group,2008-12-08,2012-08-01,election,dissolution,members_historic_qc,verified
41,bourget,PQ,group,2012-09-04,2014-03-05,election,dissolution,members_historic_qc,verified
41,bourget,PQ,group,2014-04-07,2018-08-23,election,dissolution,members_historic_qc,verified
3813,masson,PQ,group,1998-11-30,2003-03-12,election,dissolution,members_historic_qc,verified
17889,sherbrooke,QS,group,2018-10-01,2022-08-28,election,dissolution,members_historic_qc,verified
17889,sherbrooke,QS,group,2022-10-03,2026-10-05,election,dissolution,members_historic_qc,verified
3843,bellechasse,PQ,group,1994-09-12,1998-11-25,election,dissolution,members_historic_qc,verified
3843,bellechasse,PQ,group,1998-11-30,2003-03-12,election,dissolution,members_historic_qc,verified
17835,bellechasse,CAQ,group,2018-10-01,2022-08-28,election,dissolution,members_historic_qc,verified
17835,bellechasse,CAQ,group,2022-10-03,2026-10-05,election,dissolution,members_historic_qc,verified
17927,papineau,CAQ,group,2018-10-01,2022-08-28,election,dissolution,members_historic_qc,verified
17927,papineau,CAQ,group,2022-10-03,2026-10-05,election,dissolution,members_historic_qc,verified
17913,chicoutimi,CAQ,group,2018-10-01,2022-08-28,election,dissolution,members_historic_qc,verified
17913,chicoutimi,CAQ,group,2022-10-03,2025-09-04,election,resignation,members_historic_qc,disputed
15357,blainville,CAQ,group,2014-04-07,2018-08-23,election,dissolution,members_historic_qc,verified
15357,blainville,CAQ,group,2018-10-01,2022-08-28,election,dissolution,members_historic_qc,verified
15357,blainville,CAQ,group,2022-10-03,2026-10-05,election,dissolution,members_historic_qc,verified
17903,vachon,CAQ,group,2018-10-01,2022-08-28,election,dissolution,members_historic_qc,verified
17903,vachon,CAQ,group,2022-10-03,2026-10-05,election,dissolution,members_historic_qc,verified
3899,gatineau,PLQ,group,1994-09-12,1998-11-25,election,dissolution,members_historic_qc,verified
3899,gatineau,PLQ,group,1998-11-30,2003-03-12,election,dissolution,members_historic_qc,verified
3899,gatineau,PLQ,group,2003-04-14,2007-02-21,election,dissolution,members_historic_qc,verified
15429,taillon,PQ,group,2014-04-07,2018-08-23,election,dissolution,members_historic_qc,verified
15401,johnson,CAQ,group,2014-04-07,2018-08-23,election,dissolution,members_historic_qc,verified
15401,johnson,CAQ,group,2018-10-01,2022-08-28,election,dissolution,members_historic_qc,verified
15401,johnson,CAQ,group,2022-10-03,2026-10-05,election,dissolution,members_historic_qc,verified
17901,ungava,CAQ,group,2018-10-01,2022-08-28,election,dissolution,members_historic_qc,verified
17901,ungava,CAQ,group,2022-10-03,2026-10-05,election,dissolution,members_historic_qc,verified
3929,anjou,PLQ,group,1998-11-30,2001-09-25,election,resignation,members_historic_qc+assnat_depcir,verified
3933,bourassa,PLQ,group,1998-11-30,2003-03-12,election,dissolution,members_historic_qc,verified
3933,cremazie,PLQ,group,2003-04-14,2007-02-21,election,dissolution,members_historic_qc,verified
3937,vercheres,PQ,group,1994-09-12,1998-11-25,election,dissolution,members_historic_qc,verified
3937,vercheres,PQ,group,1998-11-30,2003-03-12,election,dissolution,members_historic_qc,verified
3937,vercheres,PQ,group,2003-04-14,2005-12-11,election,resignation,members_historic_qc,verified
3939,bonaventure,PQ,group,1994-09-12,1998-11-25,election,dissolution,members_historic_qc,verified
5883,groulx,ADQ,group,2007-03-26,2008-11-05,election,dissolution,members_historic_qc,verified
45,cremazie,PQ,group,2007-03-26,2008-11-05,election,dissolution,members_historic_qc,verified
45,cremazie,PQ,group,2008-12-08,2011-06-05,election,defection,members_historic_qc,verified
5881,lassomption,ADQ,group,2007-03-26,2008-11-05,election,dissolution,members_historic_qc,verified
3985,outremont,PLQ,group,1998-11-30,2003-03-12,election,dissolution,members_historic_qc,verified
3987,roberval,PQ,group,1994-09-12,1998-11-25,election,dissolution,members_historic_qc,verified
3987,roberval,PQ,group,1998-11-30,2003-03-12,election,dissolution,members_historic_qc,verified
12243,abitibiest,PQ,group,2012-09-04,2014-03-05,election,dissolution,members_historic_qc,verified
4031,bourget,PQ,group,1994-09-12,1998-11-25,election,dissolution,members_historic_qc,verified
15389,repentigny,CAQ,group,2014-04-07,2018-08-23,election,dissolution,members_historic_qc,verified
15389,repentigny,CAQ,group,2018-10-01,2022-08-28,election,dissolution,members_historic_qc,verified
4051,laprairie,PQ,group,1994-09-12,1996-01-08,election,resignation,members_historic_qc+assnat_depcir,verified
12269,laprairie,CAQ,group,2012-09-04,2014-03-05,election,dissolution,members_historic_qc,verified
4063,iberville,PQ,group,1994-09-12,1998-11-25,election,dissolution,members_historic_qc,verified
15479,rimouski,PQ,group,2014-04-07,2018-08-23,election,dissolution,members_historic_qc,verified
15479,rimouski,PQ,group,2018-10-01,2020-12-14,election,defection,members_historic_qc,verified
17847,champlain,CAQ,group,2018-10-01,2022-08-28,election,dissolution,members_historic_qc,verified
17847,champlain,CAQ,group,2022-10-03,2026-10-05,election,dissolution,members_historic_qc,verified
4075,beaucesud,PLQ,group,1998-11-30,2003-03-12,election,dissolution,members_historic_qc,verified
4075,beaucesud,PLQ,group,2003-04-14,2007-02-21,election,dissolution,members_historic_qc,verified
5889,deuxmontagnes,ADQ,group,2007-03-26,2008-11-05,election,dissolution,members_historic_qc,verified
15,beauharnois,PQ,group,2008-12-08,2012-08-01,election,dissolution,members_historic_qc,verified
15,beauharnois,PQ,group,2012-09-04,2014-03-05,election,dissolution,members_historic_qc,verified
15,beauharnois,PQ,group,2014-04-07,2018-08-23,election,dissolution,members_historic_qc,verified
17945,lotbinierefrontenac,CAQ,group,2018-10-01,2022-08-28,election,dissolution,members_historic_qc,verified
17945,lotbinierefrontenac,CAQ,group,2022-10-03,2026-10-05,election,dissolution,members_historic_qc,verified
17949,lesplaines,CAQ,group,2018-10-01,2022-08-28,election,dissolution,members_historic_qc,verified
17949,lesplaines,CAQ,group,2022-10-03,2026-10-05,election,dissolution,members_historic_qc,verified
51,pontiac,PLQ,group,2003-04-14,2007-02-21,election,dissolution,members_historic_qc,verified
51,pontiac,PLQ,group,2007-03-26,2008-11-05,election,dissolution,members_historic_qc,verified
51,pontiac,PLQ,group,2008-12-08,2012-08-01,election,dissolution,members_historic_qc,verified
51,pontiac,PLQ,group,2012-09-04,2014-03-05,election,dissolution,members_historic_qc,verified
5885,sainthyacinthe,ADQ,group,2007-03-26,2008-11-05,election,dissolution,members_historic_qc,verified
17935,hochelagamaisonneuve,QS,group,2018-10-01,2022-08-28,election,dissolution,members_historic_qc,verified
17935,hochelagamaisonneuve,QS,group,2022-10-03,2026-10-05,election,dissolution,members_historic_qc,verified
4111,milleiles,PQ,group,1994-09-12,1998-11-25,election,dissolution,members_historic_qc,verified
4111,milleiles,PQ,group,1998-11-30,2003-03-12,election,dissolution,members_historic_qc,verified
16777,arthabaska,CAQ,group,2018-10-01,2022-08-28,election,dissolution,members_historic_qc,verified
4125,frontenac,PLQ,group,1994-09-12,1998-11-25,election,dissolution,members_historic_qc,verified
5843,vanier,ADQ,group,2007-03-26,2008-11-05,election,dissolution,members_historic_qc,verified
5823,chambly,PLQ,group,2003-04-14,2006-11-15,election,resignation,members_historic_qc+assnat_depcir,verified
4131,rousseau,PQ,group,1998-11-30,2003-03-12,election,dissolution,members_historic_qc,verified
4131,rousseau,PQ,group,2003-04-14,2007-02-21,election,dissolution,members_historic_qc,verified
4131,rousseau,PQ,group,2007-03-26,2008-11-05,election,dissolution,members_historic_qc,verified
4131,rousseau,PQ,group,2008-12-08,2009-06-25,election,resignation,members_historic_qc+assnat_depcir,verified
4131,lassomption,CAQ,group,2012-09-04,2014-03-05,election,dissolution,members_historic_qc,verified
4131,lassomption,CAQ,group,2014-04-07,2018-08-23,election,dissolution,members_historic_qc,verified
4131,lassomption,CAQ,group,2018-10-01,2022-08-28,election,dissolution,members_historic_qc,verified
4131,lassomption,CAQ,group,2022-10-03,2026-10-05,election,dissolution,members_historic_qc,verified
5783,blainville,PQ,group,2003-04-14,2007-02-21,election,dissolution,members_historic_qc,verified
63,pointeauxtrembles,PQ,group,1998-11-30,2003-03-12,election,dissolution,members_historic_qc,verified
63,pointeauxtrembles,PQ,group,2003-04-14,2006-06-01,election,resignation,members_historic_qc+assnat_depcir,verified
63,pointeauxtrembles,PQ,group,2008-12-08,2012-08-01,election,dissolution,members_historic_qc,verified
63,pointeauxtrembles,PQ,group,2012-09-04,2014-03-05,election,dissolution,members_historic_qc,verified
63,pointeauxtrembles,PQ,group,2014-04-07,2018-08-23,election,dissolution,members_historic_qc,verified
35,levis,PLQ,group,2008-12-08,2012-08-01,election,dissolution,members_historic_qc,verified
900002,robertbaldwin,PLQ,group,2014-04-07,2018-08-23,election,dissolution,members_historic_qc,verified
900002,robertbaldwin,PLQ,group,2018-10-01,2022-08-28,election,dissolution,members_historic_qc,verified
12229,gaspe,PQ,group,2012-09-04,2014-03-05,election,dissolution,members_historic_qc,verified
12229,gaspe,PQ,group,2014-04-07,2018-08-23,election,dissolution,members_historic_qc,verified
4145,gaspe,PQ,group,1994-09-12,1998-11-25,election,dissolution,members_historic_qc,verified
4145,gaspe,PQ,group,1998-11-30,2003-03-12,election,dissolution,members_historic_qc,verified
4145,gaspe,PQ,group,2003-04-14,2007-02-21,election,dissolution,members_historic_qc,verified
4145,gaspe,PQ,group,2007-03-26,2008-11-05,election,dissolution,members_historic_qc,verified
47,saintemariesaintjacques,PQ,group,2007-03-26,2008-11-05,election,dissolution,members_historic_qc,verified
47,saintemariesaintjacques,PQ,group,2008-12-08,2012-08-01,election,dissolution,members_historic_qc,verified
15403,masson,CAQ,group,2014-04-07,2018-08-23,election,dissolution,members_historic_qc,verified
15403,masson,CAQ,group,2018-10-01,2022-08-28,election,dissolution,members_historic_qc,verified
15403,masson,CAQ,group,2022-10-03,2026-10-05,election,dissolution,members_historic_qc,verified
4157,bourget,PQ,group,1998-11-30,2003-03-12,election,dissolution,members_historic_qc,verified
4157,bourget,PQ,group,2003-04-14,2007-02-21,election,dissolution,members_historic_qc,verified
4157,bourget,PQ,group,2007-03-26,2007-10-17,election,resignation,members_historic_qc,disputed
17879,saintjean,CAQ,group,2018-10-01,2022-08-28,election,dissolution,members_historic_qc,verified
17879,saintjean,CAQ,group,2022-10-03,2026-10-05,election,dissolution,members_historic_qc,verified
4175,labelle,PQ,group,1994-09-12,1998-11-25,election,dissolution,members_historic_qc,verified
4175,labelle,PQ,group,1998-11-30,2001-03-08,election,resignation,members_historic_qc+assnat_depcir,verified
4183,hull,PLQ,group,1994-09-12,1998-11-25,election,dissolution,members_historic_qc,verified
5921,frontenac,PLQ,group,2003-04-14,2007-02-21,election,dissolution,members_historic_qc,verified
5921,frontenac,PLQ,group,2007-03-26,2008-11-05,election,dissolution,members_historic_qc,verified
5921,frontenac,PLQ,group,2008-12-08,2012-08-01,election,dissolution,members_historic_qc,verified
5921,frontenac,PLQ,group,2012-09-04,2014-03-05,election,dissolution,members_historic_qc,verified
5921,frontenac,PLQ,group,2014-04-07,2018-08-23,election,dissolution,members_historic_qc,verified
17871,rouynnorandatemiscamingue,QS,group,2018-10-01,2022-08-28,election,dissolution,members_historic_qc,verified
4203,ungava,PQ,group,1994-09-12,1998-11-25,election,dissolution,members_historic_qc,verified
4203,ungava,PQ,group,1998-11-30,2003-03-12,election,dissolution,members_historic_qc,verified
4203,ungava,PQ,group,2003-04-14,2007-02-21,election,dissolution,members_historic_qc,verified
5887,levis,ADQ,group,2007-03-26,2008-11-05,election,dissolution,members_historic_qc,verified
17851,chapleau,CAQ,group,2018-10-01,2022-08-28,election,dissolution,members_historic_qc,verified
17851,chapleau,CAQ,group,2022-10-03,2026-10-05,election,dissolution,members_historic_qc,verified
12213,vanierlesrivieres,CAQ,group,2012-09-04,2014-03-05,election,dissolution,members_historic_qc,verified
12213,chauveau,CAQ,group,2018-10-01,2022-08-28,election,dissolution,members_historic_qc,verified
12169,rosemont,PQ,group,2012-09-04,2014-03-05,election,dissolution,members_historic_qc,verified
12169,rosemont,PQ,group,2014-04-07,2018-08-23,election,dissolution,members_historic_qc,verified
4239,sainthenrisainteanne,PLQ,group,1994-09-12,1998-11-25,election,dissolution,members_historic_qc,verified
4239,sainthenrisainteanne,PLQ,group,1998-11-30,2003-03-12,election,dissolution,members_historic_qc,verified
4239,sainthenrisainteanne,PLQ,group,2003-04-14,2007-02-21,election,dissolution,members_historic_qc,verified
17911,westmountsaintlouis,PLQ,group,2018-10-01,2022-08-28,election,dissolution,members_historic_qc,verified
17911,westmountsaintlouis,PLQ,group,2022-10-03,2026-10-05,election,dissolution,members_historic_qc,verified
4273,viger,PLQ,group,1994-09-12,1998-11-25,election,dissolution,members_historic_qc,verified
4273,viger,PLQ,group,1998-11-30,2002-04-14,election,resignation,members_historic_qc,verified
67,papineau,PLQ,group,1994-09-12,1998-11-25,election,dissolution,members_historic_qc,verified
67,papineau,PLQ,group,1998-11-30,2003-03-12,election,dissolution,members_historic_qc,verified
67,papineau,PLQ,group,2003-04-14,2007-02-21,election,dissolution,members_historic_qc,verified
67,papineau,PLQ,group,2007-03-26,2008-11-05,election,dissolution,members_historic_qc,verified
67,papineau,PLQ,group,2008-12-08,2012-08-01,election,dissolution,members_historic_qc,verified
255,sherbrooke,PQ,group,1994-09-12,1998-11-25,election,dissolution,members_historic_qc,verified
255,taillon,PQ,group,2007-03-26,2008-11-05,election,dissolution,members_historic_qc,verified
255,taillon,PQ,group,2008-12-08,2012-08-01,election,dissolution,members_historic_qc,verified
255,taillon,PQ,group,2012-09-04,2014-03-05,election,dissolution,members_historic_qc,verified
57,taschereau,PQ,group,1998-11-30,2003-03-12,election,dissolution,members_historic_qc,verified
57,taschereau,PQ,group,2003-04-14,2007-02-21,election,dissolution,members_historic_qc,verified
57,taschereau,PQ,group,2007-03-26,2008-11-05,election,dissolution,members_historic_qc,verified
57,taschereau,PQ,group,2008-12-08,2012-08-01,election,dissolution,members_historic_qc,verified
57,taschereau,PQ,group,2012-09-04,2014-03-05,election,dissolution,members_historic_qc,verified
57,taschereau,PQ,group,2014-04-07,2018-08-23,election,dissolution,members_historic_qc,verified
31,gaspe,PLQ,group,2008-12-08,2012-08-01,election,dissolution,members_historic_qc,verified
7289,rousseau,PQ,group,2012-09-04,2014-03-05,election,dissolution,members_historic_qc,verified
7289,rousseau,PQ,group,2014-04-07,2018-08-23,election,dissolution,members_historic_qc,verified
12231,portneuf,CAQ,group,2012-09-04,2014-03-05,election,dissolution,members_historic_qc,verified
53,vaudreuil,PLQ,group,1998-11-30,2003-03-12,election,dissolution,members_historic_qc,verified
53,vaudreuil,PLQ,group,2003-04-14,2007-02-21,election,dissolution,members_historic_qc,verified
53,vaudreuil,PLQ,group,2007-03-26,2008-11-05,election,dissolution,members_historic_qc,verified
53,vaudreuil,PLQ,group,2008-12-08,2012-08-01,election,dissolution,members_historic_qc,verified
53,vaudreuil,PLQ,group,2012-09-04,2014-03-05,election,dissolution,members_historic_qc,verified
17867,rosemont,QS,group,2022-10-03,2025-11-21,election,defection,members_historic_qc,verified
79,taillon,PQ,group,1994-09-12,1998-11-25,election,dissolution,members_historic_qc,verified
79,taillon,PQ,group,1998-11-30,2003-03-12,election,dissolution,members_historic_qc,verified
79,taillon,PQ,group,2003-04-14,2006-03-20,election,resignation,members_historic_qc,disputed
79,charlevoix,PQ,group,2008-12-08,2012-08-01,election,dissolution,members_historic_qc,verified
79,charlevoixcotedebeaupre,PQ,group,2012-09-04,2014-03-05,election,dissolution,members_historic_qc,verified
59,robertbaldwin,PLQ,group,1994-09-12,1998-11-25,election,dissolution,members_historic_qc,verified
59,robertbaldwin,PLQ,group,1998-11-30,2003-03-12,election,dissolution,members_historic_qc,verified
59,robertbaldwin,PLQ,group,2003-04-14,2007-02-21,election,dissolution,members_historic_qc,verified
59,robertbaldwin,PLQ,group,2007-03-26,2008-11-05,election,dissolution,members_historic_qc,verified
59,robertbaldwin,PLQ,group,2008-12-08,2012-08-01,election,dissolution,members_historic_qc,verified
59,robertbaldwin,PLQ,group,2012-09-04,2014-03-05,election,dissolution,members_historic_qc,verified
12165,nicoletbecancour,CAQ,group,2012-09-04,2014-03-05,election,dissolution,members_historic_qc,verified
12165,nicoletbecancour,CAQ,group,2014-04-07,2018-08-23,election,dissolution,members_historic_qc,verified
12165,nicoletbecancour,CAQ,group,2018-10-01,2022-08-28,election,dissolution,members_historic_qc,verified
12165,nicoletbecancour,CAQ,group,2022-10-03,2026-10-05,election,dissolution,members_historic_qc,verified
15421,saintemariesaintjacques,QS,group,2014-04-07,2018-08-23,election,dissolution,members_historic_qc,verified
15421,saintemariesaintjacques,QS,group,2018-10-01,2022-08-28,election,dissolution,members_historic_qc,verified
15421,saintemariesaintjacques,QS,group,2022-10-03,2026-10-05,election,dissolution,members_historic_qc,verified
39,portneuf,PLQ,group,2008-12-08,2012-08-01,election,dissolution,members_historic_qc,verified
39,portneuf,PLQ,group,2014-04-07,2018-08-23,election,dissolution,members_historic_qc,verified
17887,sanguinet,CAQ,group,2018-10-01,2022-08-28,election,dissolution,members_historic_qc,verified
29,lassomption,PQ,group,2008-12-08,2012-08-01,election,dissolution,members_historic_qc,verified
29,repentigny,PQ,group,2012-09-04,2014-03-05,election,dissolution,members_historic_qc,verified
16779,verdun,PLQ,group,2018-10-01,2022-08-28,election,dissolution,members_historic_qc,verified
113,laporte,PLQ,group,2007-03-26,2008-11-05,election,dissolution,members_historic_qc,verified
113,laporte,PLQ,group,2008-12-08,2012-08-01,election,dissolution,members_historic_qc,verified
113,laporte,PLQ,group,2012-09-04,2014-03-05,election,dissolution,members_historic_qc,verified
113,laporte,PLQ,group,2014-04-07,2018-08-23,election,dissolution,members_historic_qc,verified
113,laporte,PLQ,group,2018-10-01,2022-08-28,election,dissolution,members_historic_qc,verified
4459,lavaldesrapides,PQ,group,1994-09-12,1998-11-25,election,dissolution,members_historic_qc,verified
4459,lavaldesrapides,PQ,group,1998-11-30,2003-03-12,election,dissolution,members_historic_qc,verified
900007,charlesbourg,PLQ,group,2003-04-14,2007-02-21,election,dissolution,members_historic_qc,verified
5917,chambly,ADQ,group,2007-03-26,2008-11-05,election,dissolution,members_historic_qc,verified
5917,laprairie,PLQ,group,2014-04-07,2018-08-23,election,dissolution,members_historic_qc,verified
5891,saintjean,ADQ,group,2007-03-26,2008-11-05,election,dissolution,members_historic_qc,verified
4501,pontiac,PLQ,group,1994-09-12,1998-11-25,election,dissolution,members_historic_qc,verified
4501,pontiac,PLQ,group,1998-11-30,2003-03-12,election,dissolution,members_historic_qc,verified
15369,cremazie,PLQ,group,2014-04-07,2018-08-23,election,dissolution,members_historic_qc,verified
15369,mauricerichard,PLQ,group,2018-10-01,2022-08-28,election,dissolution,members_historic_qc,verified
5897,rouynnorandatemiscamingue,PQ,group,2007-03-26,2008-11-05,election,dissolution,members_historic_qc,verified
359,margueritedyouville,PLQ,group,2003-04-14,2007-02-21,election,dissolution,members_historic_qc,verified
359,chateauguay,PLQ,group,2008-12-08,2012-08-01,election,dissolution,members_historic_qc,verified
359,chateauguay,PLQ,group,2012-09-04,2014-03-05,election,dissolution,members_historic_qc,verified
359,chateauguay,PLQ,group,2014-04-07,2018-08-23,election,dissolution,members_historic_qc,verified
4561,dubuc,PQ,group,1994-09-12,1998-11-25,election,dissolution,members_historic_qc,verified
4575,nicoletyamaska,PQ,group,1994-09-12,1998-11-25,election,dissolution,members_historic_qc,verified
4575,nicoletyamaska,PQ,group,1998-11-30,2003-03-12,election,dissolution,members_historic_qc,verified
4575,nicoletyamaska,PQ,group,2003-04-14,2007-02-21,election,dissolution,members_historic_qc,verified
499,montmagnylislet,PLQ,group,2003-04-14,2007-02-21,election,dissolution,members_historic_qc,verified
499,montmagnylislet,PLQ,group,2008-12-08,2012-08-01,election,dissolution,members_historic_qc,verified
499,cotedusud,PLQ,group,2012-09-04,2014-03-05,election,dissolution,members_historic_qc,verified
499,cotedusud,PLQ,group,2014-04-07,2018-08-23,election,dissolution,members_historic_qc,verified
900003,beaucesud,ADQ,group,2007-03-26,2008-11-05,election,dissolution,members_historic_qc,verified
5895,charlesbourg,ADQ,group,2007-03-26,2008-11-05,election,dissolution,members_historic_qc,verified
900020,chomedey,PLQ,group,1994-09-12,1998-11-25,election,dissolution,members_historic_qc,verified
900020,chomedey,PLQ,group,1998-11-30,2003-03-12,election,dissolution,members_historic_qc,verified
900020,chomedey,PLQ,group,2003-04-14,2007-02-21,election,dissolution,members_historic_qc,verified
16827,gouin,QS,group,2018-10-01,2022-08-28,election,dissolution,members_historic_qc,verified
16827,gouin,QS,group,2022-10-03,2026-10-05,election,dissolution,members_historic_qc,verified
15439,vaudreuil,PLQ,group,2014-04-07,2018-08-23,election,dissolution,members_historic_qc,verified
15439,vaudreuil,PLQ,group,2018-10-01,2022-08-28,election,dissolution,members_historic_qc,verified
15439,vaudreuil,IND,group,2022-10-03,2025-06-18,election,defection,members_historic_qc,verified
1063,bonaventure,PLQ,group,1998-11-30,2003-03-12,election,dissolution,members_historic_qc,verified
1063,bonaventure,PLQ,group,2003-04-14,2007-02-21,election,dissolution,members_historic_qc,verified
1063,bonaventure,PLQ,group,2007-03-26,2008-11-05,election,dissolution,members_historic_qc,verified
1063,bonaventure,PLQ,group,2008-12-08,2011-09-06,election,resignation,members_historic_qc+assnat_depcir,verified
16495,renelevesque,PQ,group,2018-10-01,2022-08-28,election,dissolution,members_historic_qc,verified
8431,vachon,PQ,group,2012-09-04,2014-03-05,election,dissolution,members_historic_qc,verified
8431,vachon,PQ,group,2014-04-07,2018-08-23,election,dissolution,members_historic_qc,verified
549,chomedey,PLQ,group,2007-03-26,2008-11-05,election,dissolution,members_historic_qc,verified
549,chomedey,PLQ,group,2008-12-08,2012-08-01,election,dissolution,members_historic_qc,verified
549,chomedey,PLQ,group,2012-09-04,2014-03-05,election,dissolution,members_historic_qc,verified
549,chomedey,PLQ,group,2014-04-07,2018-08-23,election,dissolution,members_historic_qc,verified
549,chomedey,PLQ,group,2018-10-01,2022-08-28,election,dissolution,members_historic_qc,verified
857,marquette,PLQ,group,1994-09-12,1998-11-25,election,dissolution,members_historic_qc,verified
857,marquette,PLQ,group,1998-11-30,2003-03-12,election,dissolution,members_historic_qc,verified
857,marquette,PLQ,group,2003-04-14,2007-02-21,election,dissolution,members_historic_qc,verified
857,marquette,PLQ,group,2007-03-26,2008-11-05,election,dissolution,members_historic_qc,verified
857,marquette,PLQ,group,2008-12-08,2012-08-01,election,dissolution,members_historic_qc,verified
857,marquette,PLQ,group,2012-09-04,2014-03-05,election,dissolution,members_historic_qc,verified
857,marquette,PLQ,group,2014-04-07,2018-08-23,election,dissolution,members_historic_qc,verified
12245,fabre,PLQ,group,2012-09-04,2014-03-05,election,dissolution,members_historic_qc,verified
12245,fabre,PLQ,group,2014-04-07,2015-08-24,election,resignation,members_historic_qc+assnat_depcir,verified
987,labelle,PQ,group,2003-04-14,2007-02-21,election,dissolution,members_historic_qc,verified
987,labelle,PQ,group,2007-03-26,2008-11-05,election,dissolution,members_historic_qc,verified
987,labelle,PQ,group,2008-12-08,2012-08-01,election,dissolution,members_historic_qc,verified
987,labelle,PQ,group,2012-09-04,2014-03-05,election,dissolution,members_historic_qc,verified
987,labelle,PQ,group,2014-04-07,2018-08-23,election,dissolution,members_historic_qc,verified
4699,prevost,PQ,group,1994-09-12,1997-04-27,election,resignation,members_historic_qc,verified
4733,prevost,PQ,group,1998-11-30,2003-03-12,election,dissolution,members_historic_qc,verified
4733,prevost,PQ,group,2003-04-14,2007-02-21,election,dissolution,members_historic_qc,verified
651,lavaldesrapides,PLQ,group,2003-04-14,2007-02-21,election,dissolution,members_historic_qc,verified
651,lavaldesrapides,PLQ,group,2007-03-26,2008-11-05,election,dissolution,members_historic_qc,verified
651,lavaldesrapides,PLQ,group,2008-12-08,2012-08-01,election,dissolution,members_historic_qc,verified
5827,saintjean,PLQ,group,2003-04-14,2007-02-21,election,dissolution,members_historic_qc,verified
4751,saintjean,PQ,group,1994-09-12,1998-11-25,election,dissolution,members_historic_qc,verified
4751,saintjean,PQ,group,1998-11-30,2003-03-12,election,dissolution,members_historic_qc,verified
15725,levis,CAQ,group,2018-10-01,2022-08-28,election,dissolution,members_historic_qc,verified
1113,bromemissisquoi,PLQ,group,1994-09-12,1998-11-25,election,dissolution,members_historic_qc,verified
1113,bromemissisquoi,PLQ,group,1998-11-30,2003-03-12,election,dissolution,members_historic_qc,verified
1113,bromemissisquoi,PLQ,group,2003-04-14,2007-02-21,election,dissolution,members_historic_qc,verified
1113,bromemissisquoi,PLQ,group,2007-03-26,2008-11-05,election,dissolution,members_historic_qc,verified
1113,bromemissisquoi,PLQ,group,2008-12-08,2012-08-01,election,dissolution,members_historic_qc,verified
1113,bromemissisquoi,PLQ,group,2012-09-04,2014-03-05,election,dissolution,members_historic_qc,verified
1113,bromemissisquoi,PLQ,group,2014-04-07,2018-08-23,election,dissolution,members_historic_qc,verified
4761,lotbiniere,PQ,group,1994-09-12,1998-11-25,election,dissolution,members_historic_qc,verified
4761,lotbiniere,PQ,group,1998-11-30,2003-03-12,election,dissolution,members_historic_qc,verified
4773,sauve,PLQ,group,1994-09-12,1998-11-25,election,dissolution,members_historic_qc,verified
4781,lassomption,PQ,group,1994-09-12,1996-01-29,election,resignation,members_historic_qc+assnat_depcir,verified
4791,vachon,PQ,group,1994-09-12,1998-11-25,election,dissolution,members_historic_qc,verified
4791,vachon,PQ,group,1998-11-30,2003-03-12,election,dissolution,members_historic_qc,verified
900017,saintjerome,PQ,group,2014-04-07,2016-05-02,election,resignation,members_historic_qc+assnat_depcir,verified
4801,chapleau,PLQ,group,1998-11-30,2003-03-12,election,dissolution,members_historic_qc,verified
4801,chapleau,PLQ,group,2003-04-14,2007-02-21,election,dissolution,members_historic_qc,verified
4801,chapleau,PLQ,group,2007-03-26,2008-11-05,election,dissolution,members_historic_qc,verified
441,sainthyacinthe,PQ,group,2008-12-08,2012-08-01,election,dissolution,members_historic_qc,verified
441,sainthyacinthe,PQ,group,2012-09-04,2014-03-05,election,dissolution,members_historic_qc,verified
821,rimouski,PQ,group,2007-03-26,2008-11-05,election,dissolution,members_historic_qc,verified
821,rimouski,PQ,group,2008-12-08,2012-08-01,election,dissolution,members_historic_qc,verified
821,rimouski,PQ,group,2012-09-04,2014-03-05,election,dissolution,members_historic_qc,verified
900001,abitibiest,PQ,group,1994-09-12,1998-11-25,election,dissolution,members_historic_qc,verified
900001,abitibiest,PQ,group,1998-11-30,2003-03-12,election,dissolution,members_historic_qc,verified
4851,mercier,PQ,group,1994-09-12,1998-11-25,election,dissolution,members_historic_qc,verified
4851,mercier,PQ,group,1998-11-30,2000-10-06,election,resignation,members_historic_qc+assnat_depcir,verified
5829,chauveau,PLQ,group,2003-04-14,2007-02-21,election,dissolution,members_historic_qc,verified
4855,duplessis,PQ,group,1994-09-12,1997-10-05,election,resignation,members_historic_qc,verified
18217,gaspe,PQ,group,2018-10-01,2022-08-28,election,dissolution,members_historic_qc,verified
655,chutesdelachaudiere,ADQ,group,2003-04-14,2007-02-21,election,dissolution,members_historic_qc,verified
655,chutesdelachaudiere,ADQ,group,2007-03-26,2008-11-05,election,dissolution,members_historic_qc,verified
655,chutesdelachaudiere,ADQ,group,2008-12-08,2009-11-05,election,defection,members_historic_qc,verified
655,chutesdelachaudiere,CAQ,group,2012-09-04,2014-03-05,election,dissolution,members_historic_qc,verified
655,chutesdelachaudiere,CAQ,group,2014-04-07,2018-08-23,election,dissolution,members_historic_qc,verified
655,chutesdelachaudiere,CAQ,group,2018-10-01,2022-08-28,election,dissolution,members_historic_qc,verified
17891,soulanges,CAQ,group,2018-10-01,2022-08-28,election,dissolution,members_historic_qc,verified
17891,soulanges,CAQ,group,2022-10-03,2026-10-05,election,dissolution,members_historic_qc,verified
427,charlesbourg,PLQ,group,2008-12-08,2012-08-01,election,dissolution,members_historic_qc,verified
1115,saintmaurice,PQ,group,1994-09-12,1998-11-25,election,dissolution,members_historic_qc,verified
1115,saintmaurice,PQ,group,1998-11-30,2003-03-12,election,dissolution,members_historic_qc,verified
1115,saintmaurice,PQ,group,2003-04-14,2007-02-21,election,dissolution,members_historic_qc,verified
1115,saintmaurice,PQ,group,2008-12-08,2012-08-01,election,dissolution,members_historic_qc,verified
900013,maskinonge,PLQ,group,2014-04-07,2018-08-23,election,dissolution,members_historic_qc,verified
12203,margueritebourgeoys,PLQ,group,2012-09-04,2014-03-05,election,dissolution,members_historic_qc,verified
12203,margueritebourgeoys,PLQ,group,2014-04-07,2018-08-23,election,dissolution,members_historic_qc,verified
9,hochelagamaisonneuve,PQ,group,2008-12-08,2012-08-01,election,dissolution,members_historic_qc,verified
9,hochelagamaisonneuve,PQ,group,2012-09-04,2014-03-05,election,dissolution,members_historic_qc,verified
9,hochelagamaisonneuve,PQ,group,2014-04-07,2018-08-23,election,dissolution,members_historic_qc,verified
15407,lavaldesrapides,PLQ,group,2014-04-07,2018-08-23,election,dissolution,members_historic_qc,verified
15407,lavaldesrapides,PLQ,group,2018-10-01,2022-08-28,election,dissolution,members_historic_qc,verified
4953,beaucenord,PLQ,group,1994-09-12,1998-11-25,election,dissolution,members_historic_qc,verified
4953,beaucenord,PLQ,group,1998-11-30,2003-03-12,election,dissolution,members_historic_qc,verified
17831,beaucesud,CAQ,group,2018-10-01,2022-08-28,election,dissolution,members_historic_qc,verified
17831,beaucesud,CAQ,group,2022-10-03,2026-10-05,election,dissolution,members_historic_qc,verified
17837,berthier,CAQ,group,2018-10-01,2022-08-28,election,dissolution,members_historic_qc,verified
17915,cotedusud,CAQ,group,2018-10-01,2022-08-28,election,dissolution,members_historic_qc,verified
5899,troisrivieres,ADQ,group,2007-03-26,2008-11-05,election,dissolution,members_historic_qc,verified
5899,jeantalon,PLQ,group,2018-10-01,2019-08-30,election,resignation,members_historic_qc,disputed
12235,sainterose,PQ,group,2012-09-04,2014-03-05,election,dissolution,members_historic_qc,verified
17829,beaucenord,CAQ,group,2018-10-01,2022-08-28,election,dissolution,members_historic_qc,verified
17829,beaucenord,CAQ,group,2022-10-03,2026-10-05,election,dissolution,members_historic_qc,verified
5015,beaucesud,PLQ,group,1994-09-12,1997-04-27,election,resignation,members_historic_qc,verified
157,blainville,PQ,group,2008-12-08,2011-11-23,election,defection,members_historic_qc,verified
157,blainville,CAQ,group,2012-09-04,2013-05-20,election,defection,members_historic_qc,verified
81,laprairie,PQ,group,2008-12-08,2012-01-09,election,defection,members_historic_qc,verified
17833,beauharnois,CAQ,group,2018-10-01,2022-08-28,election,dissolution,members_historic_qc,verified
17833,beauharnois,CAQ,group,2022-10-03,2026-10-05,election,dissolution,members_historic_qc,verified
329,orford,PLQ,group,2003-04-14,2007-02-21,election,dissolution,members_historic_qc,verified
329,orford,PLQ,group,2007-03-26,2008-11-05,election,dissolution,members_historic_qc,verified
329,orford,PLQ,group,2008-12-08,2012-08-01,election,dissolution,members_historic_qc,verified
329,orford,PLQ,group,2012-09-04,2014-03-05,election,dissolution,members_historic_qc,verified
329,orford,PLQ,group,2014-04-07,2018-08-23,election,dissolution,members_historic_qc,verified
12209,ilesdelamadeleine,PQ,group,2012-09-04,2014-03-05,election,dissolution,members_historic_qc,verified
287,duplessis,PQ,group,2003-04-14,2007-02-21,election,dissolution,members_historic_qc,verified
287,duplessis,PQ,group,2007-03-26,2008-11-05,election,dissolution,members_historic_qc,verified
287,duplessis,PQ,group,2008-12-08,2012-08-01,election,dissolution,members_historic_qc,verified
287,duplessis,PQ,group,2012-09-04,2014-03-05,election,dissolution,members_historic_qc,verified
287,duplessis,PQ,group,2014-04-07,2018-08-23,election,dissolution,members_historic_qc,verified
287,duplessis,PQ,group,2018-10-01,2022-08-28,election,dissolution,members_historic_qc,verified
409,margueritedyouville,PQ,group,2008-12-08,2012-08-01,election,dissolution,members_historic_qc,verified
11785,argenteuil,PQ,group,2012-09-04,2014-03-05,election,dissolution,members_historic_qc,verified
5901,iberville,ADQ,group,2007-03-26,2008-11-05,election,dissolution,members_historic_qc,verified
5831,iberville,PLQ,group,2003-04-14,2007-02-21,election,dissolution,members_historic_qc,verified
5093,matane,PQ,group,1994-09-12,1998-11-25,election,dissolution,members_historic_qc,verified
5093,matane,PQ,group,1998-11-30,2003-03-05,election,resignation,members_historic_qc+assnat_depcir,verified
5103,limoilou,PQ,group,1994-09-12,1998-11-25,election,dissolution,members_historic_qc,verified
17883,saintlaurent,PLQ,group,2018-10-01,2022-08-28,election,dissolution,members_historic_qc,verified
17883,saintlaurent,PLQ,group,2022-10-03,2025-11-17,election,defection,members_historic_qc,verified
15361,chambly,CAQ,group,2014-04-07,2018-08-23,election,dissolution,members_historic_qc,verified
15361,chambly,CAQ,group,2018-10-01,2022-08-28,election,dissolution,members_historic_qc,verified
15361,chambly,CAQ,group,2022-10-03,2026-10-05,election,dissolution,members_historic_qc,verified
183,prevost,PQ,group,2008-12-08,2012-08-01,election,dissolution,members_historic_qc,verified
5113,deuxmontagnes,PQ,group,1994-09-12,1998-11-25,election,dissolution,members_historic_qc,verified
5113,deuxmontagnes,PQ,group,1998-11-30,2003-03-12,election,dissolution,members_historic_qc,verified
5113,deuxmontagnes,PQ,group,2003-04-14,2007-02-21,election,dissolution,members_historic_qc,verified
17841,bourassasauve,PLQ,group,2018-10-01,2022-08-28,election,dissolution,members_historic_qc,verified
5165,charlesbourg,PQ,group,1994-09-12,1998-11-25,election,dissolution,members_historic_qc,verified
5165,charlesbourg,PQ,group,1998-11-30,2003-03-12,election,dissolution,members_historic_qc,verified
1171,jeannemanceviger,PLQ,group,2008-12-08,2012-08-01,election,dissolution,members_historic_qc,verified
1171,jeannemanceviger,PLQ,group,2012-09-04,2014-03-05,election,dissolution,members_historic_qc,verified
1171,jeannemanceviger,PLQ,group,2014-04-07,2018-08-23,election,dissolution,members_historic_qc,verified
1171,jeannemanceviger,PLQ,group,2018-10-01,2022-08-28,election,dissolution,members_historic_qc,verified
1171,jeannemanceviger,PLQ,group,2022-10-03,2026-10-05,election,dissolution,members_historic_qc,verified
17931,pointeauxtrembles,CAQ,group,2018-10-01,2022-08-28,election,dissolution,members_historic_qc,verified
17931,pointeauxtrembles,CAQ,group,2022-10-03,2026-10-05,election,dissolution,members_historic_qc,verified
12167,vimont,PLQ,group,2012-09-04,2014-03-05,election,dissolution,members_historic_qc,verified
12167,vimont,PLQ,group,2014-04-07,2018-08-23,election,dissolution,members_historic_qc,verified
12167,vimont,PLQ,group,2018-10-01,2022-08-28,election,dissolution,members_historic_qc,verified
5905,arthabaska,ADQ,group,2007-03-26,2008-11-05,election,dissolution,members_historic_qc,verified
5903,montmagnylislet,ADQ,group,2007-03-26,2008-11-05,election,dissolution,members_historic_qc,verified
12187,montarville,CAQ,group,2012-09-04,2014-03-05,election,dissolution,members_historic_qc,verified
12187,montarville,CAQ,group,2014-04-07,2018-08-23,election,dissolution,members_historic_qc,verified
12187,montarville,CAQ,group,2018-10-01,2022-08-28,election,dissolution,members_historic_qc,verified
12187,montarville,CAQ,group,2022-10-03,2026-10-05,election,dissolution,members_historic_qc,verified
12163,bonaventure,PQ,group,2012-09-04,2014-03-05,election,dissolution,members_historic_qc,verified
12163,bonaventure,PQ,group,2014-04-07,2018-08-23,election,dissolution,members_historic_qc,verified
12163,bonaventure,PQ,group,2018-10-01,2021-06-03,election,defection,members_historic_qc,verified
1201,lotbiniere,ADQ,group,2003-04-14,2007-02-21,election,dissolution,members_historic_qc,verified
1201,lotbiniere,ADQ,group,2007-03-26,2008-11-05,election,dissolution,members_historic_qc,verified
1201,lotbiniere,ADQ,group,2008-12-08,2012-02-13,election,merger,members_historic_qc,verified
1201,arthabaska,CAQ,group,2012-09-04,2014-03-05,election,dissolution,members_historic_qc,verified
1201,arthabaska,CAQ,group,2014-04-07,2015-08-25,election,defection,members_historic_qc,verified
5907,laprairie,ADQ,group,2007-03-26,2008-11-05,election,dissolution,members_historic_qc,verified
15409,iberville,CAQ,group,2014-04-07,2018-08-23,election,dissolution,members_historic_qc,verified
15409,iberville,CAQ,group,2018-10-01,2022-08-28,election,dissolution,members_historic_qc,verified
16493,fabre,PLQ,group,2018-10-01,2022-08-28,election,dissolution,members_historic_qc,verified
5909,drummond,ADQ,group,2007-03-26,2008-11-05,election,dissolution,members_historic_qc,verified
5909,drummondboisfrancs,CAQ,group,2012-09-04,2014-03-05,election,dissolution,members_historic_qc,verified
5909,drummondboisfrancs,CAQ,group,2014-04-07,2018-08-23,election,dissolution,members_historic_qc,verified
5909,drummondboisfrancs,CAQ,group,2018-10-01,2022-08-28,election,dissolution,members_historic_qc,verified
5909,drummondboisfrancs,CAQ,group,2022-10-03,2026-10-05,election,dissolution,members_historic_qc,verified
5337,outremont,PLQ,group,2003-04-14,2005-05-25,election,resignation,members_historic_qc+assnat_depcir,verified
5363,blainville,PQ,group,1994-09-12,1998-11-25,election,dissolution,members_historic_qc,verified
5363,blainville,PQ,group,1998-11-30,2001-09-18,election,resignation,members_historic_qc,verified
15367,charlevoixcotedebeaupre,PLQ,group,2014-04-07,2018-08-23,election,dissolution,members_historic_qc,verified
5369,montmorency,PQ,group,1998-11-30,2003-03-12,election,dissolution,members_historic_qc,verified
5369,montmorency,PQ,group,2018-10-01,2022-08-28,election,dissolution,members_historic_qc,verified
5369,montmorency,CAQ,group,2022-10-03,2026-10-05,election,dissolution,members_historic_qc,verified
1239,dubuc,PLQ,group,2008-12-08,2012-08-01,election,dissolution,members_historic_qc,verified
1239,dubuc,PLQ,group,2014-04-07,2018-08-23,election,dissolution,members_historic_qc,verified
729,richelieu,PQ,group,1994-09-12,1998-11-25,election,dissolution,members_historic_qc,verified
729,richelieu,PQ,group,1998-11-30,2003-03-12,election,dissolution,members_historic_qc,verified
729,richelieu,PQ,group,2003-04-14,2007-02-21,election,dissolution,members_historic_qc,verified
729,richelieu,PQ,group,2007-03-26,2008-11-05,election,dissolution,members_historic_qc,verified
729,richelieu,PQ,group,2008-12-08,2012-08-01,election,dissolution,members_historic_qc,verified
5387,laurier,PLQ,group,1994-09-12,1998-11-25,election,dissolution,members_historic_qc,verified
5387,laurierdorion,PLQ,group,1998-11-30,2003-03-12,election,dissolution,members_historic_qc,verified
5387,laurierdorion,PLQ,group,2003-04-14,2004-06-17,election,resignation,members_historic_qc+assnat_depcir,verified
17873,sainterose,CAQ,group,2018-10-01,2022-08-28,election,dissolution,members_historic_qc,verified
17873,sainterose,CAQ,group,2022-10-03,2026-10-05,election,dissolution,members_historic_qc,verified
1179,laurierdorion,PLQ,group,2007-03-26,2008-11-05,election,dissolution,members_historic_qc,verified
1179,laurierdorion,PLQ,group,2008-12-08,2012-08-01,election,dissolution,members_historic_qc,verified
1179,laurierdorion,PLQ,group,2012-09-04,2014-03-05,election,dissolution,members_historic_qc,verified
1179,laurierdorion,PLQ,group,2014-04-07,2016-10-19,election,defection,members_historic_qc,verified
15417,sainthyacinthe,CAQ,group,2014-04-07,2018-08-23,election,dissolution,members_historic_qc,verified
15417,sainthyacinthe,CAQ,group,2018-10-01,2022-08-28,election,dissolution,members_historic_qc,verified
15417,sainthyacinthe,CAQ,group,2022-10-03,2026-10-05,election,dissolution,members_historic_qc,verified
5833,portneuf,PLQ,group,2003-04-14,2007-02-21,election,dissolution,members_historic_qc,verified
12211,beaucenord,CAQ,group,2012-09-04,2014-03-05,election,dissolution,members_historic_qc,verified
12211,beaucenord,CAQ,group,2014-04-07,2018-08-23,election,dissolution,members_historic_qc,verified
1059,troisrivieres,PLQ,group,2008-12-08,2012-08-01,election,dissolution,members_historic_qc,verified
1059,troisrivieres,PLQ,group,2012-09-04,2014-03-05,election,dissolution,members_historic_qc,verified
5243,lassomption,PQ,group,1998-11-30,2003-03-12,election,dissolution,members_historic_qc,verified
5243,lassomption,PQ,group,2003-04-14,2007-02-21,election,dissolution,members_historic_qc,verified
1199,chambly,PQ,group,2008-12-08,2012-08-01,election,dissolution,members_historic_qc,verified
1199,chambly,PQ,group,2012-09-04,2014-03-05,election,dissolution,members_historic_qc,verified
15355,argenteuil,PLQ,group,2014-04-07,2018-08-23,election,dissolution,members_historic_qc,verified
900015,montmorency,CAQ,group,2012-09-04,2014-03-05,election,dissolution,members_historic_qc,verified
1235,lacadie,PLQ,group,2007-03-26,2008-11-05,election,dissolution,members_historic_qc,verified
1235,lacadie,PLQ,group,2008-12-08,2012-08-01,election,dissolution,members_historic_qc,verified
1235,lacadie,PLQ,group,2012-09-04,2014-03-05,election,dissolution,members_historic_qc,verified
1235,lacadie,PLQ,group,2014-04-07,2018-08-23,election,dissolution,members_historic_qc,verified
1235,lacadie,PLQ,group,2018-10-01,2022-08-28,election,dissolution,members_historic_qc,verified
900004,groulx,CAQ,group,2014-04-07,2018-08-23,election,dissolution,members_historic_qc,verified
5911,chauveau,ADQ,group,2007-03-26,2008-11-05,election,dissolution,members_historic_qc,verified
11789,lafontaine,PLQ,group,2012-09-04,2014-03-05,election,dissolution,members_historic_qc,verified
11789,lafontaine,PLQ,group,2014-04-07,2018-08-23,election,dissolution,members_historic_qc,verified
11789,lafontaine,PLQ,group,2018-10-01,2022-08-28,election,dissolution,members_historic_qc,verified
11789,lafontaine,PLQ,group,2022-10-03,2026-10-05,election,dissolution,members_historic_qc,verified
17863,rivieredulouptemiscouata,CAQ,group,2018-10-01,2022-08-28,election,dissolution,members_historic_qc,verified
18071,laviolettesaintmaurice,CAQ,group,2018-10-01,2022-08-28,election,dissolution,members_historic_qc,verified
18071,laviolettesaintmaurice,CAQ,group,2022-10-03,2026-10-05,election,dissolution,members_historic_qc,verified
5835,levis,PLQ,group,2003-04-14,2007-02-21,election,dissolution,members_historic_qc,verified
1355,anjou,PLQ,group,2003-04-14,2007-02-21,election,dissolution,members_historic_qc,verified
1355,anjou,PLQ,group,2007-03-26,2008-11-05,election,dissolution,members_historic_qc,verified
1355,anjou,PLQ,group,2008-12-08,2012-08-01,election,dissolution,members_historic_qc,verified
1355,anjoulouisriel,PLQ,group,2012-09-04,2014-03-05,election,dissolution,members_historic_qc,verified
1355,anjoulouisriel,PLQ,group,2014-04-07,2018-08-23,election,dissolution,members_historic_qc,verified
1355,anjoulouisriel,PLQ,group,2018-10-01,2022-08-28,election,dissolution,members_historic_qc,verified
5837,masson,PQ,group,2003-04-14,2007-02-21,election,dissolution,members_historic_qc,verified
5547,bertrand,PLQ,group,1994-09-12,1997-10-05,election,resignation,members_historic_qc,verified
12189,sanguinet,PQ,group,2012-09-04,2014-03-05,election,dissolution,members_historic_qc,verified
12189,sanguinet,PQ,group,2014-04-07,2018-08-23,election,dissolution,members_historic_qc,verified
5913,terrebonne,ADQ,group,2007-03-26,2008-11-05,election,dissolution,members_historic_qc,verified
18073,rousseau,CAQ,group,2018-10-01,2021-03-29,election,defection,members_historic_qc,verified
18073,rousseau,CAQ,group,2022-10-03,2026-10-05,election,dissolution,members_historic_qc,verified
1317,lafontaine,PLQ,group,2003-04-14,2007-02-21,election,dissolution,members_historic_qc,verified
1317,lafontaine,PLQ,group,2007-03-26,2008-11-05,election,dissolution,members_historic_qc,verified
1317,lafontaine,PLQ,group,2008-12-08,2010-05-04,election,defection,members_historic_qc,verified
5589,montroyal,PLQ,group,1998-11-30,2003-03-12,election,dissolution,members_historic_qc,verified
1303,terrebonne,PQ,group,2008-12-08,2012-08-01,election,dissolution,members_historic_qc,verified
1303,terrebonne,PQ,group,2012-09-04,2014-03-05,election,dissolution,members_historic_qc,verified
1303,terrebonne,PQ,group,2014-04-07,2018-08-23,election,dissolution,members_historic_qc,verified
17917,dubuc,CAQ,group,2018-10-01,2022-08-28,election,dissolution,members_historic_qc,verified
17917,dubuc,CAQ,group,2022-10-03,2026-01-08,election,defection,members_historic_qc,verified
5599,outremont,PLQ,group,1994-09-12,1996-04-15,election,resignation,members_historic_qc+assnat_depcir,verified
1341,masson,PQ,group,2008-12-08,2012-08-01,election,dissolution,members_historic_qc,verified
5789,lacsaintjean,PQ,group,2003-04-14,2007-02-21,election,dissolution,members_historic_qc,verified
1389,roberval,PQ,group,2007-03-26,2008-11-05,election,dissolution,members_historic_qc,verified
1389,roberval,PQ,group,2008-12-08,2012-08-01,election,dissolution,members_historic_qc,verified
1389,roberval,PQ,group,2012-09-04,2014-03-05,election,dissolution,members_historic_qc,verified
12179,charlesbourg,CAQ,group,2012-09-04,2014-03-05,election,dissolution,members_historic_qc,verified
12181,saintmaurice,PQ,group,2012-09-04,2014-03-05,election,dissolution,members_historic_qc,verified
5635,rouynnorandatemiscamingue,PQ,group,1994-09-12,1998-11-25,election,dissolution,members_historic_qc,verified
5635,rouynnorandatemiscamingue,PQ,group,1998-11-30,2003-03-12,election,dissolution,members_historic_qc,verified
1407,saintjean,PQ,group,2008-12-08,2012-08-01,election,dissolution,members_historic_qc,verified
1407,saintjean,PQ,group,2012-09-04,2014-03-05,election,dissolution,members_historic_qc,verified
1407,saintjean,PQ,group,2014-04-07,2018-08-23,election,dissolution,members_historic_qc,verified
5839,mercier,PQ,group,2003-04-14,2007-02-21,election,dissolution,members_historic_qc,verified
5839,mercier,PQ,group,2007-03-26,2008-11-05,election,dissolution,members_historic_qc,verified
5673,chapleau,PLQ,group,1994-09-12,1998-11-25,election,dissolution,members_historic_qc,verified
223,gatineau,PLQ,group,2007-03-26,2008-11-05,election,dissolution,members_historic_qc,verified
223,gatineau,PLQ,group,2008-12-08,2012-08-01,election,dissolution,members_historic_qc,verified
223,gatineau,PLQ,group,2012-09-04,2014-03-05,election,dissolution,members_historic_qc,verified
223,gatineau,PLQ,group,2014-04-07,2018-08-23,election,dissolution,members_historic_qc,verified
12173,richmond,PLQ,group,2012-09-04,2014-03-05,election,dissolution,members_historic_qc,verified
12173,richmond,PLQ,group,2014-04-07,2018-08-23,election,dissolution,members_historic_qc,verified
1659,richmond,PLQ,group,1994-09-12,1998-11-25,election,dissolution,members_historic_qc,verified
1659,richmond,PLQ,group,1998-11-30,2003-03-12,election,dissolution,members_historic_qc,verified
1659,richmond,PLQ,group,2003-04-14,2007-02-21,election,dissolution,members_historic_qc,verified
1659,richmond,PLQ,group,2007-03-26,2008-11-05,election,dissolution,members_historic_qc,verified
1659,richmond,PLQ,group,2008-12-08,2012-08-01,election,dissolution,members_historic_qc,verified
5841,joliette,PQ,group,2003-04-14,2007-02-21,election,dissolution,members_historic_qc,verified
5695,marievictorin,PQ,group,1994-09-12,1998-11-25,election,dissolution,members_historic_qc,verified
5695,marievictorin,PQ,group,1998-11-30,2003-03-12,election,dissolution,members_historic_qc,verified
5695,marievictorin,PQ,group,2003-04-14,2007-02-21,election,dissolution,members_historic_qc,verified
191,bellechasse,PLQ,group,2003-04-14,2007-02-21,election,dissolution,members_historic_qc,verified
191,bellechasse,PLQ,group,2008-12-08,2012-08-01,election,dissolution,members_historic_qc,verified
191,bellechasse,PLQ,group,2012-09-04,2014-03-05,election,dissolution,members_historic_qc,verified
191,bellechasse,PLQ,group,2014-04-07,2018-08-23,election,dissolution,members_historic_qc,verified
97,berthier,PQ,group,2008-12-08,2012-08-01,election,dissolution,members_historic_qc,verified
97,berthier,PQ,group,2012-09-04,2014-03-05,election,dissolution,members_historic_qc,verified
97,berthier,PQ,group,2014-04-07,2018-08-23,election,dissolution,members_historic_qc,verified
5915,abitibiest,PQ,group,2007-03-26,2008-11-05,election,dissolution,members_historic_qc,verified
33,notredamedegrace,PLQ,group,2008-12-08,2012-08-01,election,dissolution,members_historic_qc,verified
33,notredamedegrace,PLQ,group,2012-09-04,2014-03-05,election,dissolution,members_historic_qc,verified
33,notredamedegrace,PLQ,group,2014-04-07,2018-08-23,election,dissolution,members_historic_qc,verified
33,notredamedegrace,PLQ,group,2018-10-01,2022-08-28,election,dissolution,members_historic_qc,verified
65,argenteuil,PLQ,group,1998-11-30,2003-03-12,election,dissolution,members_historic_qc,verified
65,argenteuil,PLQ,group,2003-04-14,2007-02-21,election,dissolution,members_historic_qc,verified
65,argenteuil,PLQ,group,2007-03-26,2008-11-05,election,dissolution,members_historic_qc,verified
65,argenteuil,PLQ,group,2008-12-08,2011-12-16,election,resignation,members_historic_qc+assnat_depcir,verified
5759,nelligan,PLQ,group,1994-09-12,1998-11-25,election,dissolution,members_historic_qc,verified
5759,nelligan,PLQ,group,1998-11-30,2003-03-12,election,dissolution,members_historic_qc,verified
5759,nelligan,PLQ,group,2003-04-14,2004-03-09,election,resignation,members_historic_qc+assnat_depcir,verified
12197,richelieu,PQ,group,2012-09-04,2014-03-05,election,dissolution,members_historic_qc,verified
12197,richelieu,PQ,group,2014-04-07,2014-09-29,election,resignation,members_historic_qc+assnat_depcir,verified
17955,jeanlesage,QS,group,2018-10-01,2022-08-28,election,dissolution,members_historic_qc,verified
17955,jeanlesage,QS,group,2022-10-03,2026-10-05,election,dissolution,members_historic_qc,verified
19315,fabre,CAQ,group,2022-10-03,2026-10-05,election,dissolution,members_historic_qc,verified
19307,margueritebourgeoys,PLQ,group,2022-10-03,2026-10-05,election,dissolution,members_historic_qc,verified
19281,prevost,CAQ,group,2022-10-03,2026-10-05,election,dissolution,members_historic_qc,verified
17909,viau,PLQ,group,2022-10-03,2026-10-05,election,dissolution,members_historic_qc,verified
19297,chutesdelachaudiere,CAQ,group,2022-10-03,2026-10-05,election,dissolution,members_historic_qc,verified
19275,rimouski,CAQ,group,2022-10-03,2025-09-17,election,defection,members_historic_qc,verified
19251,bonaventure,CAQ,group,2022-10-03,2026-10-05,election,dissolution,members_historic_qc,verified
19325,iberville,CAQ,group,2022-10-03,2026-10-05,election,dissolution,members_historic_qc,verified
19255,anjoulouisriel,CAQ,group,2022-10-03,2026-10-05,election,dissolution,members_historic_qc,verified
19305,mauricerichard,QS,group,2022-10-03,2026-10-05,election,dissolution,members_historic_qc,verified
900011,charlevoixcotedebeaupre,CAQ,group,2022-10-03,2026-10-05,election,dissolution,members_historic_qc,verified
19261,bourassasauve,PLQ,group,2022-10-03,2026-10-05,election,dissolution,members_historic_qc,verified
19313,lapiniere,PLQ,group,2022-10-03,2026-10-05,election,dissolution,members_historic_qc,verified
17849,portneuf,CAQ,group,2022-10-03,2026-10-05,election,dissolution,members_historic_qc,verified
19303,duplessis,CAQ,group,2022-10-03,2026-10-05,election,dissolution,members_historic_qc,verified
17845,bromemissisquoi,CAQ,group,2022-10-03,2026-10-05,election,dissolution,members_historic_qc,verified
19277,repentigny,CAQ,group,2022-10-03,2026-10-05,election,dissolution,members_historic_qc,verified
19273,rivieredulouptemiscouata,CAQ,group,2022-10-03,2026-10-05,election,dissolution,members_historic_qc,verified
19063,marievictorin,CAQ,group,2022-10-03,2026-10-05,election,dissolution,members_historic_qc,verified
19287,milleiles,PLQ,group,2022-10-03,2026-10-05,election,dissolution,members_historic_qc,verified
19257,bertrand,CAQ,group,2022-10-03,2026-10-05,election,dissolution,members_historic_qc,verified
19269,sanguinet,CAQ,group,2022-10-03,2026-10-05,election,dissolution,members_historic_qc,verified
19317,jonquiere,CAQ,group,2022-10-03,2026-10-05,election,dissolution,members_historic_qc,verified
19271,robertbaldwin,PLQ,group,2022-10-03,2026-10-05,election,dissolution,members_historic_qc,verified
19293,chateauguay,CAQ,group,2022-10-03,2026-10-05,election,dissolution,members_historic_qc,verified
20131,terrebonne,PQ,group,2022-10-03,2024-09-05,election,resignation,members_historic_qc,disputed
19267,taschereau,QS,group,2022-10-03,2026-10-05,election,dissolution,members_historic_qc,verified
19309,lavaldesrapides,CAQ,group,2022-10-03,2026-10-05,election,dissolution,members_historic_qc,verified
19295,chomedey,PLQ,group,2022-10-03,2025-12-03,election,defection,members_historic_qc,verified
19351,huntingdon,CAQ,group,2022-10-03,2026-10-05,election,dissolution,members_historic_qc,verified
19283,notredamedegrace,PLQ,group,2022-10-03,2026-10-05,election,dissolution,members_historic_qc,verified
19279,renelevesque,CAQ,group,2022-10-03,2026-10-05,election,dissolution,members_historic_qc,verified
19253,acadie,PLQ,group,2022-10-03,2026-10-05,election,dissolution,members_historic_qc,verified
19311,laporte,CAQ,group,2022-10-03,2025-11-03,election,defection,members_historic_qc,verified
19301,darcymcgee,PLQ,group,2022-10-03,2026-10-05,election,dissolution,members_historic_qc,verified
19299,cotedusud,CAQ,group,2022-10-03,2026-10-05,election,dissolution,members_historic_qc,verified
19265,vercheres,CAQ,group,2022-10-03,2026-10-05,election,dissolution,members_historic_qc,verified
19319,gaspe,CAQ,group,2022-10-03,2026-10-05,election,dissolution,members_historic_qc,verified
19259,vimont,CAQ,group,2022-10-03,2026-10-05,election,dissolution,members_historic_qc,verified
900021,montroyaloutremont,PLQ,group,2022-10-03,2026-10-05,election,dissolution,members_historic_qc,verified
19289,camillelaurin,PQ,group,2022-10-03,2026-10-05,election,dissolution,members_historic_qc,verified
19323,hull,CAQ,group,2022-10-03,2026-10-05,election,dissolution,members_historic_qc,verified
19263,verdun,QS,group,2022-10-03,2026-10-05,election,dissolution,members_historic_qc,verified
5317,abitibiest,PLQ,group,1989-09-25,1994-07-24,election,dissolution,assnat_depcir,single_source
1423,abitibiouest,PQ,group,1989-09-25,1994-07-24,election,dissolution,assnat_depcir,single_source
2179,acadie,PLQ,group,1989-09-25,1994-07-24,election,dissolution,assnat_depcir,single_source
4013,anjou,PLQ,group,1989-09-25,1991-06-19,election,resignation,assnat_depcir,verified
5231,argenteuil,PLQ,group,1989-09-25,1994-07-24,election,dissolution,assnat_depcir,single_source
1841,arthabaska,PQ,group,1989-09-25,1994-07-24,election,dissolution,assnat_depcir,single_source
16777,arthabaska,CAQ,group,2022-10-03,2024-04-15,election,defection,assnat_depcir,single_source
1781,beaucenord,PLQ,group,1989-09-25,1994-07-24,election,dissolution,assnat_depcir,single_source
641,beaucesud,PLQ,group,1989-09-25,1994-07-24,election,dissolution,assnat_depcir,single_source
,beauharnois,,group,1989-09-25,1994-07-24,election,dissolution,assnat_depcir,single_source
2541,beauharnoishuntingdon,PLQ,group,1989-09-25,1994-07-24,election,dissolution,assnat_depcir,single_source
1949,bellechasse,PLQ,group,1989-09-25,1994-07-24,election,dissolution,assnat_depcir,single_source
3655,berthier,PLQ,group,1989-09-25,1994-07-24,election,dissolution,assnat_depcir,single_source
17837,berthier,CAQ,group,2022-10-03,2026-10-05,election,dissolution,assnat_depcir,single_source
4211,bonaventure,PLQ,group,1989-09-25,1994-02-20,election,resignation,assnat_depcir,single_source
5125,bourassa,PLQ,group,1989-09-25,1994-04-14,election,resignation,assnat_depcir,verified
2209,bourget,PLQ,group,1989-09-25,1994-07-24,election,dissolution,assnat_depcir,single_source
17843,bourget,CAQ,group,2018-10-01,2022-08-28,election,dissolution,assnat_depcir,single_source
1113,bromemissisquoi,PLQ,group,1989-09-25,1994-07-24,election,dissolution,assnat_depcir,single_source
17845,bromemissisquoi,CAQ,group,2018-10-01,2022-08-28,election,dissolution,assnat_depcir,single_source
5135,chambly,PLQ,group,1989-09-25,1994-07-24,election,dissolution,assnat_depcir,single_source
2303,champlain,PLQ,group,1989-09-25,1994-07-24,election,dissolution,assnat_depcir,single_source
3773,chapleau,PLQ,group,1989-09-25,1994-07-24,election,dissolution,assnat_depcir,single_source
2669,charlesbourg,PLQ,group,1989-09-25,1994-01-11,election,resignation,assnat_depcir,verified
2269,charlevoix,PLQ,group,1989-09-25,1994-07-24,election,dissolution,assnat_depcir,single_source
2387,chateauguay,PLQ,group,1989-09-25,1994-07-24,election,dissolution,assnat_depcir,single_source
4957,chauveau,PLQ,group,1989-09-25,1994-07-24,election,dissolution,assnat_depcir,single_source
12213,chauveau,CAQ,group,2022-10-03,2026-10-05,election,dissolution,assnat_depcir,single_source
2113,chicoutimi,PQ,group,1989-09-25,1994-07-24,election,dissolution,assnat_depcir,single_source
1807,chomedey,PLQ,group,1989-09-25,1994-01-11,election,resignation,assnat_depcir,verified
2437,chutesdelachaudiere,PQ,group,1989-09-25,1994-07-24,election,dissolution,assnat_depcir,single_source
5677,cremazie,PLQ,group,1989-09-25,1994-07-24,election,dissolution,assnat_depcir,single_source
2009,deuxmontagnes,PLQ,group,1989-09-25,1994-07-24,election,dissolution,assnat_depcir,single_source
5621,dorion,PLQ,group,1989-09-25,1994-07-24,election,dissolution,assnat_depcir,single_source
5275,drummond,PLQ,group,1989-09-25,1994-07-24,election,dissolution,assnat_depcir,single_source
4561,dubuc,PQ,group,1989-09-25,1994-07-24,election,dissolution,assnat_depcir,single_source
4855,duplessis,PQ,group,1989-09-25,1994-07-24,election,dissolution,assnat_depcir,single_source
3735,fabre,PLQ,group,1989-09-25,1994-07-24,election,dissolution,assnat_depcir,single_source
4125,frontenac,PLQ,group,1989-09-25,1994-07-24,election,dissolution,assnat_depcir,single_source
1887,gaspe,PLQ,group,1989-09-25,1994-07-24,election,dissolution,assnat_depcir,single_source
3899,gatineau,PLQ,group,1989-09-25,1994-07-24,election,dissolution,assnat_depcir,single_source
2157,gouin,PQ,group,1989-09-25,1994-07-24,election,dissolution,assnat_depcir,single_source
2143,groulx,PLQ,group,1989-09-25,1994-07-24,election,dissolution,assnat_depcir,single_source
3597,hochelagamaisonneuve,PQ,group,1989-09-25,1994-07-24,election,dissolution,assnat_depcir,single_source
4183,hull,PLQ,group,1989-09-25,1994-07-24,election,dissolution,assnat_depcir,single_source
3893,iberville,PLQ,group,1989-09-25,1994-01-25,election,defection,assnat_depcir,single_source
3129,ilesdelamadeleine,PLQ,group,1989-09-25,1994-07-24,election,dissolution,assnat_depcir,single_source
2355,jacquescartier,PARTI ÉGALITÉ,group,1989-09-25,1994-07-24,election,dissolution,assnat_depcir,single_source
2095,jeannemance,PLQ,group,1989-09-25,1994-07-24,election,dissolution,assnat_depcir,single_source
5057,jeantalon,PLQ,group,1989-09-25,1994-01-31,election,resignation,assnat_depcir,verified
3767,johnson,PQ,group,1989-09-25,1994-07-24,election,dissolution,assnat_depcir,single_source
2555,joliette,PQ,group,1989-09-25,1994-07-24,election,dissolution,assnat_depcir,single_source
19321,joliette,CAQ,group,2022-10-03,2026-10-05,election,dissolution,assnat_depcir,single_source
2991,jonquiere,PQ,group,1989-09-25,1994-07-24,election,dissolution,assnat_depcir,single_source
2911,kamouraskatemiscouata,PLQ,group,1989-09-25,1994-07-24,election,dissolution,assnat_depcir,single_source
4175,labelle,PQ,group,1989-09-25,1994-07-24,election,dissolution,assnat_depcir,single_source
2271,lacsaintjean,PQ,group,1989-09-25,1994-07-24,election,dissolution,assnat_depcir,single_source
3447,lafontaine,PLQ,group,1989-09-25,1994-07-24,election,dissolution,assnat_depcir,single_source
2367,lapeltrie,PLQ,group,1989-09-25,1994-01-31,election,resignation,assnat_depcir,verified
5263,lapiniere,PLQ,group,1989-09-25,1994-07-24,election,dissolution,assnat_depcir,single_source
2233,laporte,PLQ,group,1989-09-25,1994-07-24,election,dissolution,assnat_depcir,single_source
4051,laprairie,PQ,group,1989-09-25,1994-07-24,election,dissolution,assnat_depcir,single_source
4781,lassomption,PQ,group,1989-09-25,1994-07-24,election,dissolution,assnat_depcir,single_source
5387,laurier,PLQ,group,1989-09-25,1994-07-24,election,dissolution,assnat_depcir,single_source
1965,lavaldesrapides,PLQ,group,1989-09-25,1993-06-16,election,resignation,assnat_depcir,verified
3733,laviolette,PQ,group,1989-09-25,1994-07-24,election,dissolution,assnat_depcir,single_source
3349,levis,PQ,group,1989-09-25,1994-07-24,election,dissolution,assnat_depcir,single_source
2883,limoilou,PLQ,group,1989-09-25,1994-07-24,election,dissolution,assnat_depcir,single_source
2351,lotbiniere,PLQ,group,1989-09-25,1994-07-24,election,dissolution,assnat_depcir,single_source
2941,louishebert,PLQ,group,1989-09-25,1994-07-24,election,dissolution,assnat_depcir,single_source
3285,margueritebourgeoys,PLQ,group,1989-09-25,1994-07-24,election,dissolution,assnat_depcir,single_source
5695,marievictorin,PQ,group,1989-09-25,1994-07-24,election,dissolution,assnat_depcir,single_source
2767,marquette,PLQ,group,1989-09-25,1994-01-10,election,resignation,assnat_depcir,verified
4887,maskinonge,PLQ,group,1989-09-25,1994-07-24,election,dissolution,assnat_depcir,single_source
2125,masson,PQ,group,1989-09-25,1994-07-24,election,dissolution,assnat_depcir,single_source
3671,matane,PLQ,group,1989-09-25,1994-07-24,election,dissolution,assnat_depcir,single_source
4757,matapedia,PLQ,group,1989-09-25,1994-07-24,election,dissolution,assnat_depcir,single_source
1973,meganticcompton,PLQ,group,1989-09-25,1994-07-24,election,dissolution,assnat_depcir,single_source
3467,mercier,PQ,group,1989-09-25,1994-07-24,election,dissolution,assnat_depcir,single_source
1981,milleiles,PLQ,group,1989-09-25,1994-03-10,election,resignation,assnat_depcir,verified
3385,montmagnylislet,PLQ,group,1989-09-25,1994-07-24,election,dissolution,assnat_depcir,single_source
5337,montmorency,PLQ,group,1989-09-25,1990-12-21,election,resignation,assnat_depcir,verified
2577,montroyal,PLQ,group,1989-09-25,1994-07-24,election,dissolution,assnat_depcir,single_source
5759,nelligan,PLQ,group,1989-09-25,1994-07-24,election,dissolution,assnat_depcir,single_source
5081,nicoletyamaska,PLQ,group,1989-09-25,1994-07-24,election,dissolution,assnat_depcir,single_source
1775,notredamedegrace,PARTI ÉGALITÉ,group,1989-09-25,1994-03-28,election,defection,assnat_depcir,single_source
2001,orford,PLQ,group,1989-09-25,1994-07-24,election,dissolution,assnat_depcir,single_source
5599,outremont,PLQ,group,1989-09-25,1994-07-24,election,dissolution,assnat_depcir,single_source
67,papineau,PLQ,group,1989-09-25,1994-07-24,election,dissolution,assnat_depcir,single_source
2241,pointeauxtrembles,PQ,group,1989-09-25,1994-07-24,election,dissolution,assnat_depcir,single_source
4501,pontiac,PLQ,group,1989-09-25,1994-07-24,election,dissolution,assnat_depcir,single_source
4695,portneuf,PLQ,group,1989-09-25,1992-11-16,election,resignation,assnat_depcir,verified
3785,richelieu,PLQ,group,1989-09-25,1994-07-24,election,dissolution,assnat_depcir,single_source
1659,richmond,PLQ,group,1989-09-25,1994-07-24,election,dissolution,assnat_depcir,single_source
5611,rimouski,PLQ,group,1989-09-25,1994-07-24,election,dissolution,assnat_depcir,single_source
2657,riviereduloup,PLQ,group,1989-09-25,1994-01-07,election,resignation,assnat_depcir,verified
3105,robertbaldwin,PLQ,group,1989-09-25,1994-07-24,election,dissolution,assnat_depcir,single_source
2109,roberval,PLQ,group,1989-09-25,1994-07-24,election,dissolution,assnat_depcir,single_source
5101,rosemont,PLQ,group,1989-09-25,1994-07-24,election,dissolution,assnat_depcir,single_source
17867,rosemont,QS,group,2018-10-01,2022-08-28,election,dissolution,assnat_depcir,single_source
5547,rousseau,PLQ,group,1989-09-25,1994-07-24,election,dissolution,assnat_depcir,single_source
5635,rouynnorandatemiscamingue,PQ,group,1989-09-25,1994-07-24,election,dissolution,assnat_depcir,single_source
4311,saguenay,PLQ,group,1989-09-25,1994-07-24,election,dissolution,assnat_depcir,single_source
2553,sainteanne,PLQ,group,1989-09-25,1994-07-24,election,dissolution,assnat_depcir,single_source
2223,saintemariesaintjacques,PQ,group,1989-09-25,1994-07-24,election,dissolution,assnat_depcir,single_source
725,saintfrancois,PLQ,group,1989-09-25,1994-07-24,election,dissolution,assnat_depcir,single_source
4239,sainthenri,PLQ,group,1989-09-25,1994-07-24,election,dissolution,assnat_depcir,single_source
16499,sainthenrisainteanne,PLQ,group,2022-10-03,2023-03-12,election,resignation,assnat_depcir,single_source
4481,sainthyacinthe,PLQ,group,1989-09-25,1994-07-24,election,dissolution,assnat_depcir,single_source
2517,saintjean,PLQ,group,1989-09-25,1994-07-24,election,dissolution,assnat_depcir,single_source
2231,saintlaurent,PLQ,group,1989-09-25,1994-07-24,election,dissolution,assnat_depcir,single_source
353,saintlouis,PLQ,group,1989-09-25,1994-07-24,election,dissolution,assnat_depcir,single_source
4173,saintmaurice,PLQ,group,1989-09-25,1994-07-24,election,dissolution,assnat_depcir,single_source
4327,salaberrysoulanges,PLQ,group,1989-09-25,1994-07-24,election,dissolution,assnat_depcir,single_source
4773,sauve,PLQ,group,1989-09-25,1994-07-24,election,dissolution,assnat_depcir,single_source
4763,shefford,PQ,group,1989-09-25,1994-01-02,election,resignation,assnat_depcir,verified
3575,sherbrooke,PLQ,group,1989-09-25,1994-07-24,election,dissolution,assnat_depcir,single_source
79,taillon,PQ,group,1989-09-25,1994-07-24,election,dissolution,assnat_depcir,single_source
4091,taschereau,PLQ,group,1989-09-25,1994-07-24,election,dissolution,assnat_depcir,single_source
2411,terrebonne,PQ,group,1989-09-25,1994-07-24,election,dissolution,assnat_depcir,single_source
4867,troisrivieres,PLQ,group,1989-09-25,1994-07-24,election,dissolution,assnat_depcir,single_source
2589,ungava,PQ,group,1989-09-25,1994-07-24,election,dissolution,assnat_depcir,single_source
4797,vachon,PLQ,group,1989-09-25,1994-07-24,election,dissolution,assnat_depcir,single_source
4163,vanier,PLQ,group,1989-09-25,1994-07-24,election,dissolution,assnat_depcir,single_source
,vaudreuil,PLQ,group,1989-09-25,1994-07-24,election,dissolution,assnat_depcir,single_source
,vercheres,PQ,group,1989-09-25,1994-07-24,election,dissolution,assnat_depcir,single_source
1051,verdun,PLQ,group,1989-09-25,1994-07-24,election,dissolution,assnat_depcir,single_source
2725,viau,PLQ,group,1989-09-25,1994-07-24,election,dissolution,assnat_depcir,single_source
4273,viger,PLQ,group,1989-09-25,1994-07-24,election,dissolution,assnat_depcir,single_source
3243,vimont,PLQ,group,1989-09-25,1994-07-24,election,dissolution,assnat_depcir,single_source
3647,westmount,PARTI ÉGALITÉ,group,1989-09-25,1994-07-24,election,dissolution,assnat_depcir,single_source
3893,iberville,IND,group,1994-01-26,1994-07-24,defection,dissolution,chrono86,verified
,bonaventure,PQ,,1994-02-21,1994-07-24,byelection,dissolution,chrono86,single_source
,shefford,PLQ,,1994-02-28,1994-07-24,byelection,dissolution,chrono86,single_source
1775,notredamedegrace,IND,group,1994-03-29,1994-07-24,defection,dissolution,chrono86,verified
,outremont,PLQ,,1996-06-10,1998-11-25,byelection,dissolution,chrono87,single_source
,prevost,PQ,,1997-04-28,1998-11-25,byelection,dissolution,chrono88,single_source
,beaucesud,PLQ,,1997-04-28,1998-11-25,byelection,dissolution,chrono88,single_source
,bertrand,PLQ,,1997-10-06,1998-11-25,byelection,dissolution,chrono88,single_source
,bourassa,PLQ,,1997-10-06,1998-11-25,byelection,dissolution,chrono88,single_source
,kamouraskatemiscouata,PLQ,,1997-10-06,1998-11-25,byelection,dissolution,chrono88,single_source
,duplessis,PQ,,1997-10-06,1998-11-25,byelection,dissolution,chrono88,single_source
,argenteuil,PLQ,,1998-05-28,1998-11-25,byelection,dissolution,chrono89,single_source
,jonquiere,PLQ,,2001-09-19,2003-03-12,byelection,dissolution,chrono91,single_source
,laviolette,PLQ,,2001-09-19,2003-03-12,byelection,dissolution,chrono91,single_source
,labelle,PQ,,2001-09-19,2003-03-12,byelection,dissolution,chrono91,single_source
,blainville,PQ,,2001-09-19,2003-03-12,byelection,dissolution,chrono91,single_source
,anjou,PLQ,,2002-04-15,2003-03-12,byelection,dissolution,chrono92,single_source
,viger,PLQ,,2002-04-15,2003-03-12,byelection,dissolution,chrono92,single_source
,saguenay,ADQ,,2002-04-15,2003-03-12,byelection,dissolution,chrono92,single_source
,lacsaintjean,PQ,,2002-06-17,2003-03-12,byelection,dissolution,chrono92,single_source
,berthier,ADQ,,2002-06-17,2003-03-12,byelection,dissolution,chrono92,single_source
,joliette,ADQ,,2002-06-17,2003-03-12,byelection,dissolution,chrono92,single_source
,vimont,ADQ,,2002-06-17,2003-03-12,byelection,dissolution,chrono92,single_source
1951,louishebert,IND,group,2002-10-28,2003-03-12,defection,dissolution,chrono92,verified
3447,lafontaine,IND,group,2003-02-20,2003-03-12,defection,dissolution,chrono93,verified
5805,meganticcompton,IND,group,2004-03-16,2007-02-21,defection,dissolution,chrono94,verified
,gouin,PQ,,2004-09-20,2007-02-21,byelection,dissolution,chrono94,single_source
,laurierdorion,PQ,,2004-09-20,2007-02-21,byelection,dissolution,chrono94,single_source
,vanier,ADQ,,2004-09-20,2007-02-21,byelection,dissolution,chrono94,single_source
,nelligan,PLQ,,2004-09-20,2007-02-21,byelection,dissolution,chrono94,single_source
,outremont,PLQ,,2005-12-12,2007-02-21,byelection,dissolution,chrono95,single_source
,vercheres,PQ,,2005-12-12,2007-02-21,byelection,dissolution,chrono95,single_source
,saintemariesaintjacques,PQ,,2006-04-10,2007-02-21,byelection,dissolution,chrono96,single_source
,pointeauxtrembles,PQ,,2006-08-14,2007-02-21,byelection,dissolution,chrono96,single_source
,taillon,PQ,,2006-08-14,2007-02-21,byelection,dissolution,chrono96,single_source
,bourget,PQ,,2008-05-12,2008-11-05,byelection,dissolution,chrono98,single_source
,pointeauxtrembles,PQ,,2008-05-12,2008-11-05,byelection,dissolution,chrono98,single_source
,hull,PLQ,,2008-05-12,2008-11-05,byelection,dissolution,chrono98,single_source
,margueritebourgeoys,PLQ,,2009-06-22,2012-08-01,byelection,dissolution,chrono99,single_source
,riviereduloup,PLQ,,2009-06-22,2012-08-01,byelection,dissolution,chrono99,single_source
,rousseau,PQ,,2009-09-21,2012-08-01,byelection,dissolution,chrono99,single_source
485,lapeltrie,IND,group,2009-11-06,2012-08-01,defection,dissolution,chrono99,verified
655,chutesdelachaudiere,IND,group,2009-11-06,2012-08-01,defection,dissolution,chrono99,verified
1317,lafontaine,IND,group,2010-05-05,2012-05-03,defection,resignation,chrono100+assnat_depcir,verified
,vachon,PQ,,2010-07-05,2012-08-01,byelection,dissolution,chrono100,single_source
293,rosemont,IND,group,2011-06-06,2012-08-01,defection,dissolution,chrono101,verified
1135,borduas,IND,group,2011-06-06,2012-08-01,defection,dissolution,chrono101,verified
45,cremazie,IND,group,2011-06-06,2012-08-01,defection,dissolution,chrono101,verified
509,nicoletyamaska,IND,group,2011-06-07,2012-08-01,defection,dissolution,chrono101,verified
195,deuxmontagnes,IND,group,2011-06-21,2012-08-01,defection,dissolution,chrono101,verified
1227,groulx,IND,group,2011-06-21,2012-08-01,defection,dissolution,chrono101,verified
157,blainville,IND,group,2011-11-24,2012-08-01,defection,dissolution,chrono101,verified
81,laprairie,CAQ,group,2012-01-10,2012-08-01,defection,dissolution,chrono102,verified
,argenteuil,PQ,,2012-06-11,2012-08-01,byelection,dissolution,chrono102,single_source
,lafontaine,PLQ,,2012-06-11,2012-08-01,byelection,dissolution,chrono102,single_source
157,blainville,IND,group,2013-05-21,2014-03-05,defection,dissolution,chrono103,verified
,outremont,PLQ,,2013-12-09,2014-03-05,byelection,dissolution,chrono103,single_source
,viau,PLQ,,2013-12-09,2014-03-05,byelection,dissolution,chrono103,single_source
61,lapiniere,IND,group,2014-01-20,2014-03-05,defection,dissolution,chrono104,verified
,levis,CAQ,,2014-10-20,2018-08-23,byelection,dissolution,chrono104,single_source
1201,arthabaska,IND,group,2015-08-26,2016-12-04,defection,resignation,chrono105,verified
,beaucesud,PLQ,,2015-11-09,2018-08-23,byelection,dissolution,chrono105,single_source
,fabre,PLQ,,2015-11-09,2018-08-23,byelection,dissolution,chrono105,single_source
,sainthenrisainteanne,PLQ,,2015-11-09,2018-08-23,byelection,dissolution,chrono105,single_source
,renelevesque,PQ,,2015-11-09,2018-08-23,byelection,dissolution,chrono105,single_source
1179,laurierdorion,IND,group,2016-10-20,2018-08-23,defection,dissolution,chrono106,verified
,arthabaska,CAQ,,2016-12-05,2018-08-23,byelection,dissolution,chrono106,single_source
,marievictorin,PQ,,2016-12-05,2018-08-23,byelection,dissolution,chrono106,single_source
,verdun,PLQ,,2016-12-05,2018-08-23,byelection,dissolution,chrono106,single_source
,gouin,QS,,2017-05-29,2018-08-23,byelection,dissolution,chrono107,single_source
,louishebert,CAQ,,2017-10-02,2018-08-23,byelection,dissolution,chrono107,single_source
,roberval,CAQ,,2018-12-10,2022-08-28,byelection,dissolution,chrono108,single_source
16775,marievictorin,IND,group,2019-03-11,2022-04-10,defection,resignation,chrono109,verified
,jeantalon,CAQ,,2019-12-02,2022-08-28,byelection,dissolution,chrono109,single_source
15479,rimouski,IND,group,2020-12-15,2022-08-28,defection,dissolution,chrono110,verified
18073,rousseau,IND,group,2021-03-30,2021-09-13,defection,defection,chrono111,verified
12163,bonaventure,IND,group,2021-06-04,2022-08-28,defection,dissolution,chrono111,verified
18073,rousseau,CAQ,group,2021-09-14,2022-08-28,defection,dissolution,chrono111,verified
,marievictorin,CAQ,,2022-04-11,2022-08-28,byelection,dissolution,chrono112,single_source
19593,sainthenrisainteanne,QS,,2023-03-13,2026-10-05,byelection,dissolution,chrono113,single_source
19999,jeantalon,PQ,,2023-10-02,2026-10-05,byelection,dissolution,chrono113,single_source
16777,arthabaska,IND,group,2024-04-16,2025-03-18,defection,resignation,chrono114,disputed
20131,terrebonne,PQ,,2025-03-17,2026-10-05,byelection,dissolution,chrono115,single_source
15439,vaudreuil,PLQ,group,2025-06-19,2026-10-05,defection,dissolution,chrono115,verified
20141,arthabaska,PQ,,2025-08-11,2026-10-05,byelection,dissolution,chrono115,single_source
17823,abitibiest,IND,group,2025-09-05,2026-10-05,defection,dissolution,chrono115,verified
12223,laprairie,IND,group,2025-09-18,2026-10-05,defection,dissolution,chrono115,verified
19275,rimouski,IND,group,2025-09-18,2026-03-23,defection,defection,chrono115,verified
19311,laporte,IND,group,2025-11-04,2026-10-05,defection,dissolution,chrono115,verified
17883,saintlaurent,IND,group,2025-11-18,2026-10-05,defection,dissolution,chrono115,verified
17867,rosemont,IND,group,2025-11-22,2026-10-05,defection,dissolution,chrono115,verified
19295,chomedey,IND,group,2025-12-04,2026-10-05,defection,dissolution,chrono115,verified
17917,dubuc,IND,group,2026-01-09,2026-10-05,defection,dissolution,wikipedia:43e-legislature,single_source
20193,chicoutimi,PQ,,2026-02-23,2026-10-05,byelection,dissolution,wikipedia:43e-legislature,single_source
19275,rimouski,PCQ,group,2026-03-24,2026-10-05,defection,dissolution,wikipedia:43e-legislature,single_source
17925,orford,IND,group,2026-04-22,2026-10-05,defection,dissolution,wikipedia:43e-legislature,single_source
11,shefford,CAQ,independent,2012-02-14,2012-08-01,merger,dissolution,chrono102:fusion+decision-chagnon,verified
17,chauveau,CAQ,independent,2012-02-14,2012-08-01,merger,dissolution,chrono102:fusion+decision-chagnon,verified
1337,beaucenord,CAQ,independent,2012-02-14,2012-08-01,merger,dissolution,chrono102:fusion+decision-chagnon,verified
1201,lotbiniere,CAQ,independent,2012-02-14,2012-08-01,merger,dissolution,chrono102:fusion+decision-chagnon,verified
